Sat Nov 26 22:45:25 2022,average_velocity_U,average_velocity_V,average_velocity_W,U_variance_Prime,V_variance_Prime,W_variance_Prime,U_stdev_Prime,V_stdev_Prime,W_stdev_Prime,Skewness_U_Prime,Skewness_V_Prime,Skewness_W_Prime,Kurtosis_U_Prime,Kurtosis_V_Prime,Kurtosis_W_Prime,Reynolds_stress_u'v',Reynolds_stress_u'w',Reynolds_stress_v'w',Anisotropy,M30,M03,M12,M21,fku_2d,Fku_2d,fkw_2d,Fkw_2d,fku_3d,Fku_3d,fkw_3d,Fkw_3d,TKE_3d,Q1_K_Value,Q2_K_Value,Q3_K_Value,Q4_K_Value,e,ED,Octant_plus_1,Octant_minus_1,Octant_plus_2,Octant_minus_2,Octant_plus_3,Octant_minus_3,Octant_plus_4,Octant_minus_4,Total_Octant_sample,Probability_Octant_plus_1,Probability_Octant_minus_1,Probability_Octant_plus_2,Probability_Octant_minus_2,Probability_Octant_plus_3,Probability_Octant_minus_3,Probability_Octant_plus_4,Probability_Octant_minus_4,Min_Octant_Count,Min_Octant_Count_id,Max_Octant_Count,Max_Octant_Count_id,
Sat Nov 26 23:04:49 2022,average_velocity_U,average_velocity_V,average_velocity_W,U_variance_Prime,V_variance_Prime,W_variance_Prime,U_stdev_Prime,V_stdev_Prime,W_stdev_Prime,Skewness_U_Prime,Skewness_V_Prime,Skewness_W_Prime,Kurtosis_U_Prime,Kurtosis_V_Prime,Kurtosis_W_Prime,Reynolds_stress_u'v',Reynolds_stress_u'w',Reynolds_stress_v'w',Anisotropy,M30,M03,M12,M21,fku_2d,Fku_2d,fkw_2d,Fkw_2d,fku_3d,Fku_3d,fkw_3d,Fkw_3d,TKE_3d,Q1_K_Value,Q2_K_Value,Q3_K_Value,Q4_K_Value,e,ED,Octant_plus_1,Octant_minus_1,Octant_plus_2,Octant_minus_2,Octant_plus_3,Octant_minus_3,Octant_plus_4,Octant_minus_4,Total_Octant_sample,Probability_Octant_plus_1,Probability_Octant_minus_1,Probability_Octant_plus_2,Probability_Octant_minus_2,Probability_Octant_plus_3,Probability_Octant_minus_3,Probability_Octant_plus_4,Probability_Octant_minus_4,Min_Octant_Count,Min_Octant_Count_id,Max_Octant_Count,Max_Octant_Count_id,
7.9_raw.csv_filtered_by_correlation15_SNR20_all_replacement_strategy_1_previous_point,0.271,-0.017,-0.017,0.001,0.0,0.0,0.035,0.024,0.013,-0.498,-1.175,-1.021,0.13,2.757,3.824,0.0,0.0,0.0,0.371,-0.478,-1.01,-0.656,-0.684,0.0,0.0,0.0,0.0,0.0,0.0,0.0,0.0,0.0,1,2,11,3,0,0,30,21,55,4,20,25,7,38,200,0.15,0.105,0.275,0.02,0.1,0.125,0.035,0.19,4,-2,55,2,
7.9_raw.csv_filtered_by_correlation15_SNR20_individual_replacement_strategy_1_previous_point,0.271,-0.017,-0.017,0.001,0.0,0.0,0.035,0.024,0.013,-0.498,-1.175,-1.021,0.13,2.757,3.824,0.0,0.0,0.0,0.371,-0.478,-1.01,-0.656,-0.684,0.0,0.0,0.0,0.0,0.0,0.0,0.0,0.0,0.0,1,2,11,3,0,0,30,21,55,4,20,25,7,38,200,0.15,0.105,0.275,0.02,0.1,0.125,0.035,0.19,4,-2,55,2,
7.6_raw.csv_filtered_by_correlation15_SNR20_all_replacement_strategy_1_previous_point,0.271,-0.017,-0.017,0.001,0.0,0.0,0.035,0.024,0.013,-0.498,-1.175,-1.021,0.13,2.757,3.824,0.0,0.0,0.0,0.371,-0.478,-1.01,-0.656,-0.684,0.0,0.0,0.0,0.0,0.0,0.0,0.0,0.0,0.0,1,2,11,3,0,0,30,21,55,4,20,25,7,38,200,0.15,0.105,0.275,0.02,0.1,0.125,0.035,0.19,4,-2,55,2,
7.6_raw.csv_filtered_by_correlation15_SNR20_individual_replacement_strategy_1_previous_point,0.271,-0.017,-0.017,0.001,0.0,0.0,0.035,0.024,0.013,-0.498,-1.175,-1.021,0.13,2.757,3.824,0.0,0.0,0.0,0.371,-0.478,-1.01,-0.656,-0.684,0.0,0.0,0.0,0.0,0.0,0.0,0.0,0.0,0.0,1,2,11,3,0,0,30,21,55,4,20,25,7,38,200,0.15,0.105,0.275,0.02,0.1,0.125,0.035,0.19,4,-2,55,2,
7.2_raw.csv_filtered_by_correlation15_SNR20_all_replacement_strategy_1_previous_point,0.271,-0.017,-0.017,0.001,0.0,0.0,0.035,0.024,0.013,-0.498,-1.175,-1.021,0.13,2.757,3.824,0.0,0.0,0.0,0.371,-0.478,-1.01,-0.656,-0.684,0.0,0.0,0.0,0.0,0.0,0.0,0.0,0.0,0.0,1,2,11,3,0,0,30,21,55,4,20,25,7,38,200,0.15,0.105,0.275,0.02,0.1,0.125,0.035,0.19,4,-2,55,2,
7.2_raw.csv_filtered_by_correlation15_SNR20_individual_replacement_strategy_1_previous_point,0.271,-0.017,-0.017,0.001,0.0,0.0,0.035,0.024,0.013,-0.498,-1.175,-1.021,0.13,2.757,3.824,0.0,0.0,0.0,0.371,-0.478,-1.01,-0.656,-0.684,0.0,0.0,0.0,0.0,0.0,0.0,0.0,0.0,0.0,1,2,11,3,0,0,30,21,55,4,20,25,7,38,200,0.15,0.105,0.275,0.02,0.1,0.125,0.035,0.19,4,-2,55,2,
Tue Nov 29 00:56:11 2022,average_velocity_U,average_velocity_V,average_velocity_W,U_variance_Prime,V_variance_Prime,W_variance_Prime,U_stdev_Prime,V_stdev_Prime,W_stdev_Prime,Skewness_U_Prime,Skewness_V_Prime,Skewness_W_Prime,Kurtosis_U_Prime,Kurtosis_V_Prime,Kurtosis_W_Prime,Reynolds_stress_u'v',Reynolds_stress_u'w',Reynolds_stress_v'w',Anisotropy,M30,M03,M12,M21,fku_2d,Fku_2d,fkw_2d,Fkw_2d,fku_3d,Fku_3d,fkw_3d,Fkw_3d,TKE_3d,Q1_K_Value,Q2_K_Value,Q3_K_Value,Q4_K_Value,e,ED,Octant_plus_1,Octant_minus_1,Octant_plus_2,Octant_minus_2,Octant_plus_3,Octant_minus_3,Octant_plus_4,Octant_minus_4,Total_Octant_sample,Probability_Octant_plus_1,Probability_Octant_minus_1,Probability_Octant_plus_2,Probability_Octant_minus_2,Probability_Octant_plus_3,Probability_Octant_minus_3,Probability_Octant_plus_4,Probability_Octant_minus_4,Min_Octant_Count,Min_Octant_Count_id,Max_Octant_Count,Max_Octant_Count_id,
Tue Nov 29 00:57:53 2022,average_velocity_U,average_velocity_V,average_velocity_W,U_variance_Prime,V_variance_Prime,W_variance_Prime,U_stdev_Prime,V_stdev_Prime,W_stdev_Prime,Skewness_U_Prime,Skewness_V_Prime,Skewness_W_Prime,Kurtosis_U_Prime,Kurtosis_V_Prime,Kurtosis_W_Prime,Reynolds_stress_u'v',Reynolds_stress_u'w',Reynolds_stress_v'w',Anisotropy,M30,M03,M12,M21,fku_2d,Fku_2d,fkw_2d,Fkw_2d,fku_3d,Fku_3d,fkw_3d,Fkw_3d,TKE_3d,Q1_K_Value,Q2_K_Value,Q3_K_Value,Q4_K_Value,e,ED,Octant_plus_1,Octant_minus_1,Octant_plus_2,Octant_minus_2,Octant_plus_3,Octant_minus_3,Octant_plus_4,Octant_minus_4,Total_Octant_sample,Probability_Octant_plus_1,Probability_Octant_minus_1,Probability_Octant_plus_2,Probability_Octant_minus_2,Probability_Octant_plus_3,Probability_Octant_minus_3,Probability_Octant_plus_4,Probability_Octant_minus_4,Min_Octant_Count,Min_Octant_Count_id,Max_Octant_Count,Max_Octant_Count_id,
Tue Nov 29 00:58:00 2022,average_velocity_U,average_velocity_V,average_velocity_W,U_variance_Prime,V_variance_Prime,W_variance_Prime,U_stdev_Prime,V_stdev_Prime,W_stdev_Prime,Skewness_U_Prime,Skewness_V_Prime,Skewness_W_Prime,Kurtosis_U_Prime,Kurtosis_V_Prime,Kurtosis_W_Prime,Reynolds_stress_u'v',Reynolds_stress_u'w',Reynolds_stress_v'w',Anisotropy,M30,M03,M12,M21,fku_2d,Fku_2d,fkw_2d,Fkw_2d,fku_3d,Fku_3d,fkw_3d,Fkw_3d,TKE_3d,Q1_K_Value,Q2_K_Value,Q3_K_Value,Q4_K_Value,e,ED,Octant_plus_1,Octant_minus_1,Octant_plus_2,Octant_minus_2,Octant_plus_3,Octant_minus_3,Octant_plus_4,Octant_minus_4,Total_Octant_sample,Probability_Octant_plus_1,Probability_Octant_minus_1,Probability_Octant_plus_2,Probability_Octant_minus_2,Probability_Octant_plus_3,Probability_Octant_minus_3,Probability_Octant_plus_4,Probability_Octant_minus_4,Min_Octant_Count,Min_Octant_Count_id,Max_Octant_Count,Max_Octant_Count_id,
Tue Nov 29 00:58:20 2022,average_velocity_U,average_velocity_V,average_velocity_W,U_variance_Prime,V_variance_Prime,W_variance_Prime,U_stdev_Prime,V_stdev_Prime,W_stdev_Prime,Skewness_U_Prime,Skewness_V_Prime,Skewness_W_Prime,Kurtosis_U_Prime,Kurtosis_V_Prime,Kurtosis_W_Prime,Reynolds_stress_u'v',Reynolds_stress_u'w',Reynolds_stress_v'w',Anisotropy,M30,M03,M12,M21,fku_2d,Fku_2d,fkw_2d,Fkw_2d,fku_3d,Fku_3d,fkw_3d,Fkw_3d,TKE_3d,Q1_K_Value,Q2_K_Value,Q3_K_Value,Q4_K_Value,e,ED,Octant_plus_1,Octant_minus_1,Octant_plus_2,Octant_minus_2,Octant_plus_3,Octant_minus_3,Octant_plus_4,Octant_minus_4,Total_Octant_sample,Probability_Octant_plus_1,Probability_Octant_minus_1,Probability_Octant_plus_2,Probability_Octant_minus_2,Probability_Octant_plus_3,Probability_Octant_minus_3,Probability_Octant_plus_4,Probability_Octant_minus_4,Min_Octant_Count,Min_Octant_Count_id,Max_Octant_Count,Max_Octant_Count_id,
Tue Nov 29 00:58:57 2022,average_velocity_U,average_velocity_V,average_velocity_W,U_variance_Prime,V_variance_Prime,W_variance_Prime,U_stdev_Prime,V_stdev_Prime,W_stdev_Prime,Skewness_U_Prime,Skewness_V_Prime,Skewness_W_Prime,Kurtosis_U_Prime,Kurtosis_V_Prime,Kurtosis_W_Prime,Reynolds_stress_u'v',Reynolds_stress_u'w',Reynolds_stress_v'w',Anisotropy,M30,M03,M12,M21,fku_2d,Fku_2d,fkw_2d,Fkw_2d,fku_3d,Fku_3d,fkw_3d,Fkw_3d,TKE_3d,Q1_K_Value,Q2_K_Value,Q3_K_Value,Q4_K_Value,e,ED,Octant_plus_1,Octant_minus_1,Octant_plus_2,Octant_minus_2,Octant_plus_3,Octant_minus_3,Octant_plus_4,Octant_minus_4,Total_Octant_sample,Probability_Octant_plus_1,Probability_Octant_minus_1,Probability_Octant_plus_2,Probability_Octant_minus_2,Probability_Octant_plus_3,Probability_Octant_minus_3,Probability_Octant_plus_4,Probability_Octant_minus_4,Min_Octant_Count,Min_Octant_Count_id,Max_Octant_Count,Max_Octant_Count_id,
Tue Nov 29 00:59:02 2022,average_velocity_U,average_velocity_V,average_velocity_W,U_variance_Prime,V_variance_Prime,W_variance_Prime,U_stdev_Prime,V_stdev_Prime,W_stdev_Prime,Skewness_U_Prime,Skewness_V_Prime,Skewness_W_Prime,Kurtosis_U_Prime,Kurtosis_V_Prime,Kurtosis_W_Prime,Reynolds_stress_u'v',Reynolds_stress_u'w',Reynolds_stress_v'w',Anisotropy,M30,M03,M12,M21,fku_2d,Fku_2d,fkw_2d,Fkw_2d,fku_3d,Fku_3d,fkw_3d,Fkw_3d,TKE_3d,Q1_K_Value,Q2_K_Value,Q3_K_Value,Q4_K_Value,e,ED,Octant_plus_1,Octant_minus_1,Octant_plus_2,Octant_minus_2,Octant_plus_3,Octant_minus_3,Octant_plus_4,Octant_minus_4,Total_Octant_sample,Probability_Octant_plus_1,Probability_Octant_minus_1,Probability_Octant_plus_2,Probability_Octant_minus_2,Probability_Octant_plus_3,Probability_Octant_minus_3,Probability_Octant_plus_4,Probability_Octant_minus_4,Min_Octant_Count,Min_Octant_Count_id,Max_Octant_Count,Max_Octant_Count_id,
Tue Nov 29 00:59:17 2022,average_velocity_U,average_velocity_V,average_velocity_W,U_variance_Prime,V_variance_Prime,W_variance_Prime,U_stdev_Prime,V_stdev_Prime,W_stdev_Prime,Skewness_U_Prime,Skewness_V_Prime,Skewness_W_Prime,Kurtosis_U_Prime,Kurtosis_V_Prime,Kurtosis_W_Prime,Reynolds_stress_u'v',Reynolds_stress_u'w',Reynolds_stress_v'w',Anisotropy,M30,M03,M12,M21,fku_2d,Fku_2d,fkw_2d,Fkw_2d,fku_3d,Fku_3d,fkw_3d,Fkw_3d,TKE_3d,Q1_K_Value,Q2_K_Value,Q3_K_Value,Q4_K_Value,e,ED,Octant_plus_1,Octant_minus_1,Octant_plus_2,Octant_minus_2,Octant_plus_3,Octant_minus_3,Octant_plus_4,Octant_minus_4,Total_Octant_sample,Probability_Octant_plus_1,Probability_Octant_minus_1,Probability_Octant_plus_2,Probability_Octant_minus_2,Probability_Octant_plus_3,Probability_Octant_minus_3,Probability_Octant_plus_4,Probability_Octant_minus_4,Min_Octant_Count,Min_Octant_Count_id,Max_Octant_Count,Max_Octant_Count_id,
Tue Nov 29 00:59:25 2022,average_velocity_U,average_velocity_V,average_velocity_W,U_variance_Prime,V_variance_Prime,W_variance_Prime,U_stdev_Prime,V_stdev_Prime,W_stdev_Prime,Skewness_U_Prime,Skewness_V_Prime,Skewness_W_Prime,Kurtosis_U_Prime,Kurtosis_V_Prime,Kurtosis_W_Prime,Reynolds_stress_u'v',Reynolds_stress_u'w',Reynolds_stress_v'w',Anisotropy,M30,M03,M12,M21,fku_2d,Fku_2d,fkw_2d,Fkw_2d,fku_3d,Fku_3d,fkw_3d,Fkw_3d,TKE_3d,Q1_K_Value,Q2_K_Value,Q3_K_Value,Q4_K_Value,e,ED,Octant_plus_1,Octant_minus_1,Octant_plus_2,Octant_minus_2,Octant_plus_3,Octant_minus_3,Octant_plus_4,Octant_minus_4,Total_Octant_sample,Probability_Octant_plus_1,Probability_Octant_minus_1,Probability_Octant_plus_2,Probability_Octant_minus_2,Probability_Octant_plus_3,Probability_Octant_minus_3,Probability_Octant_plus_4,Probability_Octant_minus_4,Min_Octant_Count,Min_Octant_Count_id,Max_Octant_Count,Max_Octant_Count_id,
Tue Nov 29 01:01:06 2022,average_velocity_U,average_velocity_V,average_velocity_W,U_variance_Prime,V_variance_Prime,W_variance_Prime,U_stdev_Prime,V_stdev_Prime,W_stdev_Prime,Skewness_U_Prime,Skewness_V_Prime,Skewness_W_Prime,Kurtosis_U_Prime,Kurtosis_V_Prime,Kurtosis_W_Prime,Reynolds_stress_u'v',Reynolds_stress_u'w',Reynolds_stress_v'w',Anisotropy,M30,M03,M12,M21,fku_2d,Fku_2d,fkw_2d,Fkw_2d,fku_3d,Fku_3d,fkw_3d,Fkw_3d,TKE_3d,Q1_K_Value,Q2_K_Value,Q3_K_Value,Q4_K_Value,e,ED,Octant_plus_1,Octant_minus_1,Octant_plus_2,Octant_minus_2,Octant_plus_3,Octant_minus_3,Octant_plus_4,Octant_minus_4,Total_Octant_sample,Probability_Octant_plus_1,Probability_Octant_minus_1,Probability_Octant_plus_2,Probability_Octant_minus_2,Probability_Octant_plus_3,Probability_Octant_minus_3,Probability_Octant_plus_4,Probability_Octant_minus_4,Min_Octant_Count,Min_Octant_Count_id,Max_Octant_Count,Max_Octant_Count_id,
Tue Nov 29 01:01:12 2022,average_velocity_U,average_velocity_V,average_velocity_W,U_variance_Prime,V_variance_Prime,W_variance_Prime,U_stdev_Prime,V_stdev_Prime,W_stdev_Prime,Skewness_U_Prime,Skewness_V_Prime,Skewness_W_Prime,Kurtosis_U_Prime,Kurtosis_V_Prime,Kurtosis_W_Prime,Reynolds_stress_u'v',Reynolds_stress_u'w',Reynolds_stress_v'w',Anisotropy,M30,M03,M12,M21,fku_2d,Fku_2d,fkw_2d,Fkw_2d,fku_3d,Fku_3d,fkw_3d,Fkw_3d,TKE_3d,Q1_K_Value,Q2_K_Value,Q3_K_Value,Q4_K_Value,e,ED,Octant_plus_1,Octant_minus_1,Octant_plus_2,Octant_minus_2,Octant_plus_3,Octant_minus_3,Octant_plus_4,Octant_minus_4,Total_Octant_sample,Probability_Octant_plus_1,Probability_Octant_minus_1,Probability_Octant_plus_2,Probability_Octant_minus_2,Probability_Octant_plus_3,Probability_Octant_minus_3,Probability_Octant_plus_4,Probability_Octant_minus_4,Min_Octant_Count,Min_Octant_Count_id,Max_Octant_Count,Max_Octant_Count_id,
Tue Nov 29 01:05:31 2022,average_velocity_U,average_velocity_V,average_velocity_W,U_variance_Prime,V_variance_Prime,W_variance_Prime,U_stdev_Prime,V_stdev_Prime,W_stdev_Prime,Skewness_U_Prime,Skewness_V_Prime,Skewness_W_Prime,Kurtosis_U_Prime,Kurtosis_V_Prime,Kurtosis_W_Prime,Reynolds_stress_u'v',Reynolds_stress_u'w',Reynolds_stress_v'w',Anisotropy,M30,M03,M12,M21,fku_2d,Fku_2d,fkw_2d,Fkw_2d,fku_3d,Fku_3d,fkw_3d,Fkw_3d,TKE_3d,Q1_K_Value,Q2_K_Value,Q3_K_Value,Q4_K_Value,e,ED,Octant_plus_1,Octant_minus_1,Octant_plus_2,Octant_minus_2,Octant_plus_3,Octant_minus_3,Octant_plus_4,Octant_minus_4,Total_Octant_sample,Probability_Octant_plus_1,Probability_Octant_minus_1,Probability_Octant_plus_2,Probability_Octant_minus_2,Probability_Octant_plus_3,Probability_Octant_minus_3,Probability_Octant_plus_4,Probability_Octant_minus_4,Min_Octant_Count,Min_Octant_Count_id,Max_Octant_Count,Max_Octant_Count_id,
Tue Nov 29 01:05:39 2022,average_velocity_U,average_velocity_V,average_velocity_W,U_variance_Prime,V_variance_Prime,W_variance_Prime,U_stdev_Prime,V_stdev_Prime,W_stdev_Prime,Skewness_U_Prime,Skewness_V_Prime,Skewness_W_Prime,Kurtosis_U_Prime,Kurtosis_V_Prime,Kurtosis_W_Prime,Reynolds_stress_u'v',Reynolds_stress_u'w',Reynolds_stress_v'w',Anisotropy,M30,M03,M12,M21,fku_2d,Fku_2d,fkw_2d,Fkw_2d,fku_3d,Fku_3d,fkw_3d,Fkw_3d,TKE_3d,Q1_K_Value,Q2_K_Value,Q3_K_Value,Q4_K_Value,e,ED,Octant_plus_1,Octant_minus_1,Octant_plus_2,Octant_minus_2,Octant_plus_3,Octant_minus_3,Octant_plus_4,Octant_minus_4,Total_Octant_sample,Probability_Octant_plus_1,Probability_Octant_minus_1,Probability_Octant_plus_2,Probability_Octant_minus_2,Probability_Octant_plus_3,Probability_Octant_minus_3,Probability_Octant_plus_4,Probability_Octant_minus_4,Min_Octant_Count,Min_Octant_Count_id,Max_Octant_Count,Max_Octant_Count_id,
Tue Nov 29 01:05:46 2022,average_velocity_U,average_velocity_V,average_velocity_W,U_variance_Prime,V_variance_Prime,W_variance_Prime,U_stdev_Prime,V_stdev_Prime,W_stdev_Prime,Skewness_U_Prime,Skewness_V_Prime,Skewness_W_Prime,Kurtosis_U_Prime,Kurtosis_V_Prime,Kurtosis_W_Prime,Reynolds_stress_u'v',Reynolds_stress_u'w',Reynolds_stress_v'w',Anisotropy,M30,M03,M12,M21,fku_2d,Fku_2d,fkw_2d,Fkw_2d,fku_3d,Fku_3d,fkw_3d,Fkw_3d,TKE_3d,Q1_K_Value,Q2_K_Value,Q3_K_Value,Q4_K_Value,e,ED,Octant_plus_1,Octant_minus_1,Octant_plus_2,Octant_minus_2,Octant_plus_3,Octant_minus_3,Octant_plus_4,Octant_minus_4,Total_Octant_sample,Probability_Octant_plus_1,Probability_Octant_minus_1,Probability_Octant_plus_2,Probability_Octant_minus_2,Probability_Octant_plus_3,Probability_Octant_minus_3,Probability_Octant_plus_4,Probability_Octant_minus_4,Min_Octant_Count,Min_Octant_Count_id,Max_Octant_Count,Max_Octant_Count_id,
Tue Nov 29 01:05:54 2022,average_velocity_U,average_velocity_V,average_velocity_W,U_variance_Prime,V_variance_Prime,W_variance_Prime,U_stdev_Prime,V_stdev_Prime,W_stdev_Prime,Skewness_U_Prime,Skewness_V_Prime,Skewness_W_Prime,Kurtosis_U_Prime,Kurtosis_V_Prime,Kurtosis_W_Prime,Reynolds_stress_u'v',Reynolds_stress_u'w',Reynolds_stress_v'w',Anisotropy,M30,M03,M12,M21,fku_2d,Fku_2d,fkw_2d,Fkw_2d,fku_3d,Fku_3d,fkw_3d,Fkw_3d,TKE_3d,Q1_K_Value,Q2_K_Value,Q3_K_Value,Q4_K_Value,e,ED,Octant_plus_1,Octant_minus_1,Octant_plus_2,Octant_minus_2,Octant_plus_3,Octant_minus_3,Octant_plus_4,Octant_minus_4,Total_Octant_sample,Probability_Octant_plus_1,Probability_Octant_minus_1,Probability_Octant_plus_2,Probability_Octant_minus_2,Probability_Octant_plus_3,Probability_Octant_minus_3,Probability_Octant_plus_4,Probability_Octant_minus_4,Min_Octant_Count,Min_Octant_Count_id,Max_Octant_Count,Max_Octant_Count_id,
Tue Nov 29 01:07:58 2022,average_velocity_U,average_velocity_V,average_velocity_W,U_variance_Prime,V_variance_Prime,W_variance_Prime,U_stdev_Prime,V_stdev_Prime,W_stdev_Prime,Skewness_U_Prime,Skewness_V_Prime,Skewness_W_Prime,Kurtosis_U_Prime,Kurtosis_V_Prime,Kurtosis_W_Prime,Reynolds_stress_u'v',Reynolds_stress_u'w',Reynolds_stress_v'w',Anisotropy,M30,M03,M12,M21,fku_2d,Fku_2d,fkw_2d,Fkw_2d,fku_3d,Fku_3d,fkw_3d,Fkw_3d,TKE_3d,Q1_K_Value,Q2_K_Value,Q3_K_Value,Q4_K_Value,e,ED,Octant_plus_1,Octant_minus_1,Octant_plus_2,Octant_minus_2,Octant_plus_3,Octant_minus_3,Octant_plus_4,Octant_minus_4,Total_Octant_sample,Probability_Octant_plus_1,Probability_Octant_minus_1,Probability_Octant_plus_2,Probability_Octant_minus_2,Probability_Octant_plus_3,Probability_Octant_minus_3,Probability_Octant_plus_4,Probability_Octant_minus_4,Min_Octant_Count,Min_Octant_Count_id,Max_Octant_Count,Max_Octant_Count_id,
Tue Nov 29 01:08:18 2022,average_velocity_U,average_velocity_V,average_velocity_W,U_variance_Prime,V_variance_Prime,W_variance_Prime,U_stdev_Prime,V_stdev_Prime,W_stdev_Prime,Skewness_U_Prime,Skewness_V_Prime,Skewness_W_Prime,Kurtosis_U_Prime,Kurtosis_V_Prime,Kurtosis_W_Prime,Reynolds_stress_u'v',Reynolds_stress_u'w',Reynolds_stress_v'w',Anisotropy,M30,M03,M12,M21,fku_2d,Fku_2d,fkw_2d,Fkw_2d,fku_3d,Fku_3d,fkw_3d,Fkw_3d,TKE_3d,Q1_K_Value,Q2_K_Value,Q3_K_Value,Q4_K_Value,e,ED,Octant_plus_1,Octant_minus_1,Octant_plus_2,Octant_minus_2,Octant_plus_3,Octant_minus_3,Octant_plus_4,Octant_minus_4,Total_Octant_sample,Probability_Octant_plus_1,Probability_Octant_minus_1,Probability_Octant_plus_2,Probability_Octant_minus_2,Probability_Octant_plus_3,Probability_Octant_minus_3,Probability_Octant_plus_4,Probability_Octant_minus_4,Min_Octant_Count,Min_Octant_Count_id,Max_Octant_Count,Max_Octant_Count_id,
Tue Nov 29 01:10:12 2022,average_velocity_U,average_velocity_V,average_velocity_W,U_variance_Prime,V_variance_Prime,W_variance_Prime,U_stdev_Prime,V_stdev_Prime,W_stdev_Prime,Skewness_U_Prime,Skewness_V_Prime,Skewness_W_Prime,Kurtosis_U_Prime,Kurtosis_V_Prime,Kurtosis_W_Prime,Reynolds_stress_u'v',Reynolds_stress_u'w',Reynolds_stress_v'w',Anisotropy,M30,M03,M12,M21,fku_2d,Fku_2d,fkw_2d,Fkw_2d,fku_3d,Fku_3d,fkw_3d,Fkw_3d,TKE_3d,Q1_K_Value,Q2_K_Value,Q3_K_Value,Q4_K_Value,e,ED,Octant_plus_1,Octant_minus_1,Octant_plus_2,Octant_minus_2,Octant_plus_3,Octant_minus_3,Octant_plus_4,Octant_minus_4,Total_Octant_sample,Probability_Octant_plus_1,Probability_Octant_minus_1,Probability_Octant_plus_2,Probability_Octant_minus_2,Probability_Octant_plus_3,Probability_Octant_minus_3,Probability_Octant_plus_4,Probability_Octant_minus_4,Min_Octant_Count,Min_Octant_Count_id,Max_Octant_Count,Max_Octant_Count_id,
Tue Nov 29 01:10:16 2022,average_velocity_U,average_velocity_V,average_velocity_W,U_variance_Prime,V_variance_Prime,W_variance_Prime,U_stdev_Prime,V_stdev_Prime,W_stdev_Prime,Skewness_U_Prime,Skewness_V_Prime,Skewness_W_Prime,Kurtosis_U_Prime,Kurtosis_V_Prime,Kurtosis_W_Prime,Reynolds_stress_u'v',Reynolds_stress_u'w',Reynolds_stress_v'w',Anisotropy,M30,M03,M12,M21,fku_2d,Fku_2d,fkw_2d,Fkw_2d,fku_3d,Fku_3d,fkw_3d,Fkw_3d,TKE_3d,Q1_K_Value,Q2_K_Value,Q3_K_Value,Q4_K_Value,e,ED,Octant_plus_1,Octant_minus_1,Octant_plus_2,Octant_minus_2,Octant_plus_3,Octant_minus_3,Octant_plus_4,Octant_minus_4,Total_Octant_sample,Probability_Octant_plus_1,Probability_Octant_minus_1,Probability_Octant_plus_2,Probability_Octant_minus_2,Probability_Octant_plus_3,Probability_Octant_minus_3,Probability_Octant_plus_4,Probability_Octant_minus_4,Min_Octant_Count,Min_Octant_Count_id,Max_Octant_Count,Max_Octant_Count_id,
Tue Nov 29 01:11:42 2022,average_velocity_U,average_velocity_V,average_velocity_W,U_variance_Prime,V_variance_Prime,W_variance_Prime,U_stdev_Prime,V_stdev_Prime,W_stdev_Prime,Skewness_U_Prime,Skewness_V_Prime,Skewness_W_Prime,Kurtosis_U_Prime,Kurtosis_V_Prime,Kurtosis_W_Prime,Reynolds_stress_u'v',Reynolds_stress_u'w',Reynolds_stress_v'w',Anisotropy,M30,M03,M12,M21,fku_2d,Fku_2d,fkw_2d,Fkw_2d,fku_3d,Fku_3d,fkw_3d,Fkw_3d,TKE_3d,Q1_K_Value,Q2_K_Value,Q3_K_Value,Q4_K_Value,e,ED,Octant_plus_1,Octant_minus_1,Octant_plus_2,Octant_minus_2,Octant_plus_3,Octant_minus_3,Octant_plus_4,Octant_minus_4,Total_Octant_sample,Probability_Octant_plus_1,Probability_Octant_minus_1,Probability_Octant_plus_2,Probability_Octant_minus_2,Probability_Octant_plus_3,Probability_Octant_minus_3,Probability_Octant_plus_4,Probability_Octant_minus_4,Min_Octant_Count,Min_Octant_Count_id,Max_Octant_Count,Max_Octant_Count_id,
Tue Nov 29 01:11:47 2022,average_velocity_U,average_velocity_V,average_velocity_W,U_variance_Prime,V_variance_Prime,W_variance_Prime,U_stdev_Prime,V_stdev_Prime,W_stdev_Prime,Skewness_U_Prime,Skewness_V_Prime,Skewness_W_Prime,Kurtosis_U_Prime,Kurtosis_V_Prime,Kurtosis_W_Prime,Reynolds_stress_u'v',Reynolds_stress_u'w',Reynolds_stress_v'w',Anisotropy,M30,M03,M12,M21,fku_2d,Fku_2d,fkw_2d,Fkw_2d,fku_3d,Fku_3d,fkw_3d,Fkw_3d,TKE_3d,Q1_K_Value,Q2_K_Value,Q3_K_Value,Q4_K_Value,e,ED,Octant_plus_1,Octant_minus_1,Octant_plus_2,Octant_minus_2,Octant_plus_3,Octant_minus_3,Octant_plus_4,Octant_minus_4,Total_Octant_sample,Probability_Octant_plus_1,Probability_Octant_minus_1,Probability_Octant_plus_2,Probability_Octant_minus_2,Probability_Octant_plus_3,Probability_Octant_minus_3,Probability_Octant_plus_4,Probability_Octant_minus_4,Min_Octant_Count,Min_Octant_Count_id,Max_Octant_Count,Max_Octant_Count_id,
Tue Nov 29 01:15:53 2022,average_velocity_U,average_velocity_V,average_velocity_W,U_variance_Prime,V_variance_Prime,W_variance_Prime,U_stdev_Prime,V_stdev_Prime,W_stdev_Prime,Skewness_U_Prime,Skewness_V_Prime,Skewness_W_Prime,Kurtosis_U_Prime,Kurtosis_V_Prime,Kurtosis_W_Prime,Reynolds_stress_u'v',Reynolds_stress_u'w',Reynolds_stress_v'w',Anisotropy,M30,M03,M12,M21,fku_2d,Fku_2d,fkw_2d,Fkw_2d,fku_3d,Fku_3d,fkw_3d,Fkw_3d,TKE_3d,Q1_K_Value,Q2_K_Value,Q3_K_Value,Q4_K_Value,e,ED,Octant_plus_1,Octant_minus_1,Octant_plus_2,Octant_minus_2,Octant_plus_3,Octant_minus_3,Octant_plus_4,Octant_minus_4,Total_Octant_sample,Probability_Octant_plus_1,Probability_Octant_minus_1,Probability_Octant_plus_2,Probability_Octant_minus_2,Probability_Octant_plus_3,Probability_Octant_minus_3,Probability_Octant_plus_4,Probability_Octant_minus_4,Min_Octant_Count,Min_Octant_Count_id,Max_Octant_Count,Max_Octant_Count_id,
Tue Nov 29 01:16:33 2022,average_velocity_U,average_velocity_V,average_velocity_W,U_variance_Prime,V_variance_Prime,W_variance_Prime,U_stdev_Prime,V_stdev_Prime,W_stdev_Prime,Skewness_U_Prime,Skewness_V_Prime,Skewness_W_Prime,Kurtosis_U_Prime,Kurtosis_V_Prime,Kurtosis_W_Prime,Reynolds_stress_u'v',Reynolds_stress_u'w',Reynolds_stress_v'w',Anisotropy,M30,M03,M12,M21,fku_2d,Fku_2d,fkw_2d,Fkw_2d,fku_3d,Fku_3d,fkw_3d,Fkw_3d,TKE_3d,Q1_K_Value,Q2_K_Value,Q3_K_Value,Q4_K_Value,e,ED,Octant_plus_1,Octant_minus_1,Octant_plus_2,Octant_minus_2,Octant_plus_3,Octant_minus_3,Octant_plus_4,Octant_minus_4,Total_Octant_sample,Probability_Octant_plus_1,Probability_Octant_minus_1,Probability_Octant_plus_2,Probability_Octant_minus_2,Probability_Octant_plus_3,Probability_Octant_minus_3,Probability_Octant_plus_4,Probability_Octant_minus_4,Min_Octant_Count,Min_Octant_Count_id,Max_Octant_Count,Max_Octant_Count_id,
Tue Nov 29 01:16:39 2022,average_velocity_U,average_velocity_V,average_velocity_W,U_variance_Prime,V_variance_Prime,W_variance_Prime,U_stdev_Prime,V_stdev_Prime,W_stdev_Prime,Skewness_U_Prime,Skewness_V_Prime,Skewness_W_Prime,Kurtosis_U_Prime,Kurtosis_V_Prime,Kurtosis_W_Prime,Reynolds_stress_u'v',Reynolds_stress_u'w',Reynolds_stress_v'w',Anisotropy,M30,M03,M12,M21,fku_2d,Fku_2d,fkw_2d,Fkw_2d,fku_3d,Fku_3d,fkw_3d,Fkw_3d,TKE_3d,Q1_K_Value,Q2_K_Value,Q3_K_Value,Q4_K_Value,e,ED,Octant_plus_1,Octant_minus_1,Octant_plus_2,Octant_minus_2,Octant_plus_3,Octant_minus_3,Octant_plus_4,Octant_minus_4,Total_Octant_sample,Probability_Octant_plus_1,Probability_Octant_minus_1,Probability_Octant_plus_2,Probability_Octant_minus_2,Probability_Octant_plus_3,Probability_Octant_minus_3,Probability_Octant_plus_4,Probability_Octant_minus_4,Min_Octant_Count,Min_Octant_Count_id,Max_Octant_Count,Max_Octant_Count_id,
Tue Nov 29 01:16:45 2022,average_velocity_U,average_velocity_V,average_velocity_W,U_variance_Prime,V_variance_Prime,W_variance_Prime,U_stdev_Prime,V_stdev_Prime,W_stdev_Prime,Skewness_U_Prime,Skewness_V_Prime,Skewness_W_Prime,Kurtosis_U_Prime,Kurtosis_V_Prime,Kurtosis_W_Prime,Reynolds_stress_u'v',Reynolds_stress_u'w',Reynolds_stress_v'w',Anisotropy,M30,M03,M12,M21,fku_2d,Fku_2d,fkw_2d,Fkw_2d,fku_3d,Fku_3d,fkw_3d,Fkw_3d,TKE_3d,Q1_K_Value,Q2_K_Value,Q3_K_Value,Q4_K_Value,e,ED,Octant_plus_1,Octant_minus_1,Octant_plus_2,Octant_minus_2,Octant_plus_3,Octant_minus_3,Octant_plus_4,Octant_minus_4,Total_Octant_sample,Probability_Octant_plus_1,Probability_Octant_minus_1,Probability_Octant_plus_2,Probability_Octant_minus_2,Probability_Octant_plus_3,Probability_Octant_minus_3,Probability_Octant_plus_4,Probability_Octant_minus_4,Min_Octant_Count,Min_Octant_Count_id,Max_Octant_Count,Max_Octant_Count_id,
Tue Nov 29 01:16:51 2022,average_velocity_U,average_velocity_V,average_velocity_W,U_variance_Prime,V_variance_Prime,W_variance_Prime,U_stdev_Prime,V_stdev_Prime,W_stdev_Prime,Skewness_U_Prime,Skewness_V_Prime,Skewness_W_Prime,Kurtosis_U_Prime,Kurtosis_V_Prime,Kurtosis_W_Prime,Reynolds_stress_u'v',Reynolds_stress_u'w',Reynolds_stress_v'w',Anisotropy,M30,M03,M12,M21,fku_2d,Fku_2d,fkw_2d,Fkw_2d,fku_3d,Fku_3d,fkw_3d,Fkw_3d,TKE_3d,Q1_K_Value,Q2_K_Value,Q3_K_Value,Q4_K_Value,e,ED,Octant_plus_1,Octant_minus_1,Octant_plus_2,Octant_minus_2,Octant_plus_3,Octant_minus_3,Octant_plus_4,Octant_minus_4,Total_Octant_sample,Probability_Octant_plus_1,Probability_Octant_minus_1,Probability_Octant_plus_2,Probability_Octant_minus_2,Probability_Octant_plus_3,Probability_Octant_minus_3,Probability_Octant_plus_4,Probability_Octant_minus_4,Min_Octant_Count,Min_Octant_Count_id,Max_Octant_Count,Max_Octant_Count_id,
Tue Nov 29 01:17:08 2022,average_velocity_U,average_velocity_V,average_velocity_W,U_variance_Prime,V_variance_Prime,W_variance_Prime,U_stdev_Prime,V_stdev_Prime,W_stdev_Prime,Skewness_U_Prime,Skewness_V_Prime,Skewness_W_Prime,Kurtosis_U_Prime,Kurtosis_V_Prime,Kurtosis_W_Prime,Reynolds_stress_u'v',Reynolds_stress_u'w',Reynolds_stress_v'w',Anisotropy,M30,M03,M12,M21,fku_2d,Fku_2d,fkw_2d,Fkw_2d,fku_3d,Fku_3d,fkw_3d,Fkw_3d,TKE_3d,Q1_K_Value,Q2_K_Value,Q3_K_Value,Q4_K_Value,e,ED,Octant_plus_1,Octant_minus_1,Octant_plus_2,Octant_minus_2,Octant_plus_3,Octant_minus_3,Octant_plus_4,Octant_minus_4,Total_Octant_sample,Probability_Octant_plus_1,Probability_Octant_minus_1,Probability_Octant_plus_2,Probability_Octant_minus_2,Probability_Octant_plus_3,Probability_Octant_minus_3,Probability_Octant_plus_4,Probability_Octant_minus_4,Min_Octant_Count,Min_Octant_Count_id,Max_Octant_Count,Max_Octant_Count_id,
Tue Nov 29 01:17:18 2022,average_velocity_U,average_velocity_V,average_velocity_W,U_variance_Prime,V_variance_Prime,W_variance_Prime,U_stdev_Prime,V_stdev_Prime,W_stdev_Prime,Skewness_U_Prime,Skewness_V_Prime,Skewness_W_Prime,Kurtosis_U_Prime,Kurtosis_V_Prime,Kurtosis_W_Prime,Reynolds_stress_u'v',Reynolds_stress_u'w',Reynolds_stress_v'w',Anisotropy,M30,M03,M12,M21,fku_2d,Fku_2d,fkw_2d,Fkw_2d,fku_3d,Fku_3d,fkw_3d,Fkw_3d,TKE_3d,Q1_K_Value,Q2_K_Value,Q3_K_Value,Q4_K_Value,e,ED,Octant_plus_1,Octant_minus_1,Octant_plus_2,Octant_minus_2,Octant_plus_3,Octant_minus_3,Octant_plus_4,Octant_minus_4,Total_Octant_sample,Probability_Octant_plus_1,Probability_Octant_minus_1,Probability_Octant_plus_2,Probability_Octant_minus_2,Probability_Octant_plus_3,Probability_Octant_minus_3,Probability_Octant_plus_4,Probability_Octant_minus_4,Min_Octant_Count,Min_Octant_Count_id,Max_Octant_Count,Max_Octant_Count_id,
Tue Nov 29 01:17:37 2022,average_velocity_U,average_velocity_V,average_velocity_W,U_variance_Prime,V_variance_Prime,W_variance_Prime,U_stdev_Prime,V_stdev_Prime,W_stdev_Prime,Skewness_U_Prime,Skewness_V_Prime,Skewness_W_Prime,Kurtosis_U_Prime,Kurtosis_V_Prime,Kurtosis_W_Prime,Reynolds_stress_u'v',Reynolds_stress_u'w',Reynolds_stress_v'w',Anisotropy,M30,M03,M12,M21,fku_2d,Fku_2d,fkw_2d,Fkw_2d,fku_3d,Fku_3d,fkw_3d,Fkw_3d,TKE_3d,Q1_K_Value,Q2_K_Value,Q3_K_Value,Q4_K_Value,e,ED,Octant_plus_1,Octant_minus_1,Octant_plus_2,Octant_minus_2,Octant_plus_3,Octant_minus_3,Octant_plus_4,Octant_minus_4,Total_Octant_sample,Probability_Octant_plus_1,Probability_Octant_minus_1,Probability_Octant_plus_2,Probability_Octant_minus_2,Probability_Octant_plus_3,Probability_Octant_minus_3,Probability_Octant_plus_4,Probability_Octant_minus_4,Min_Octant_Count,Min_Octant_Count_id,Max_Octant_Count,Max_Octant_Count_id,
7.9_raw.csv_filtered_by_correlation0.0_SNR0.0_Acceleration_1.5_all_replacement_strategy_0.0,0.271,-0.026,-0.02,0.014,0.013,0.001,0.118,0.116,0.031,0.764,-3.674,-0.589,13.502,37.127,10.529,0.0,-0.003,-0.0,0.263,0.735,-0.52,0.562,-0.698,0.001,0.0,-0.0,-0.0,0.0,0.0,0.0,0.0,0.0,1,26,2,19,0,0,25,30,56,23,20,15,19,12,200,0.125,0.15,0.28,0.115,0.1,0.075,0.095,0.06,12,-4,56,2,
7.9_raw.csv_filtered_by_correlation0.0_SNR0.0_acceleration_1.5_individual_replacement_strategy_0.0,0.271,-0.026,-0.02,0.014,0.013,0.001,0.118,0.116,0.031,0.764,-3.674,-0.589,13.502,37.127,10.529,0.0,-0.003,-0.0,0.263,0.735,-0.52,0.562,-0.698,0.001,0.0,-0.0,-0.0,0.0,0.0,0.0,0.0,0.0,1,26,2,19,0,0,25,30,56,23,20,15,19,12,200,0.125,0.15,0.28,0.115,0.1,0.075,0.095,0.06,12,-4,56,2,
7.6_raw.csv_filtered_by_correlation0.0_SNR0.0_Acceleration_1.5_all_replacement_strategy_0.0,0.271,-0.026,-0.02,0.014,0.013,0.001,0.118,0.116,0.031,0.764,-3.674,-0.589,13.502,37.127,10.529,0.0,-0.003,-0.0,0.263,0.735,-0.52,0.562,-0.698,0.001,0.0,-0.0,-0.0,0.0,0.0,0.0,0.0,0.0,1,26,2,19,0,0,25,30,56,23,20,15,19,12,200,0.125,0.15,0.28,0.115,0.1,0.075,0.095,0.06,12,-4,56,2,
7.6_raw.csv_filtered_by_correlation0.0_SNR0.0_acceleration_1.5_individual_replacement_strategy_0.0,0.271,-0.026,-0.02,0.014,0.013,0.001,0.118,0.116,0.031,0.764,-3.674,-0.589,13.502,37.127,10.529,0.0,-0.003,-0.0,0.263,0.735,-0.52,0.562,-0.698,0.001,0.0,-0.0,-0.0,0.0,0.0,0.0,0.0,0.0,1,26,2,19,0,0,25,30,56,23,20,15,19,12,200,0.125,0.15,0.28,0.115,0.1,0.075,0.095,0.06,12,-4,56,2,
7.2_raw.csv_filtered_by_correlation0.0_SNR0.0_Acceleration_1.5_all_replacement_strategy_0.0,0.271,-0.026,-0.02,0.014,0.013,0.001,0.118,0.116,0.031,0.764,-3.674,-0.589,13.502,37.127,10.529,0.0,-0.003,-0.0,0.263,0.735,-0.52,0.562,-0.698,0.001,0.0,-0.0,-0.0,0.0,0.0,0.0,0.0,0.0,1,26,2,19,0,0,25,30,56,23,20,15,19,12,200,0.125,0.15,0.28,0.115,0.1,0.075,0.095,0.06,12,-4,56,2,
7.2_raw.csv_filtered_by_correlation0.0_SNR0.0_acceleration_1.5_individual_replacement_strategy_0.0,0.271,-0.026,-0.02,0.014,0.013,0.001,0.118,0.116,0.031,0.764,-3.674,-0.589,13.502,37.127,10.529,0.0,-0.003,-0.0,0.263,0.735,-0.52,0.562,-0.698,0.001,0.0,-0.0,-0.0,0.0,0.0,0.0,0.0,0.0,1,26,2,19,0,0,25,30,56,23,20,15,19,12,200,0.125,0.15,0.28,0.115,0.1,0.075,0.095,0.06,12,-4,56,2,
Tue Nov 29 01:18:00 2022,average_velocity_U,average_velocity_V,average_velocity_W,U_variance_Prime,V_variance_Prime,W_variance_Prime,U_stdev_Prime,V_stdev_Prime,W_stdev_Prime,Skewness_U_Prime,Skewness_V_Prime,Skewness_W_Prime,Kurtosis_U_Prime,Kurtosis_V_Prime,Kurtosis_W_Prime,Reynolds_stress_u'v',Reynolds_stress_u'w',Reynolds_stress_v'w',Anisotropy,M30,M03,M12,M21,fku_2d,Fku_2d,fkw_2d,Fkw_2d,fku_3d,Fku_3d,fkw_3d,Fkw_3d,TKE_3d,Q1_K_Value,Q2_K_Value,Q3_K_Value,Q4_K_Value,e,ED,Octant_plus_1,Octant_minus_1,Octant_plus_2,Octant_minus_2,Octant_plus_3,Octant_minus_3,Octant_plus_4,Octant_minus_4,Total_Octant_sample,Probability_Octant_plus_1,Probability_Octant_minus_1,Probability_Octant_plus_2,Probability_Octant_minus_2,Probability_Octant_plus_3,Probability_Octant_minus_3,Probability_Octant_plus_4,Probability_Octant_minus_4,Min_Octant_Count,Min_Octant_Count_id,Max_Octant_Count,Max_Octant_Count_id,
7.9_raw.csv_filtered_by_correlation5.0_SNR0.0_Acceleration_1.5_all_replacement_strategy_0.0,0.271,-0.026,-0.02,0.014,0.013,0.001,0.118,0.116,0.031,0.764,-3.674,-0.589,13.502,37.127,10.529,0.0,-0.003,-0.0,0.263,0.735,-0.52,0.562,-0.698,0.001,0.0,-0.0,-0.0,0.0,0.0,0.0,0.0,0.0,1,26,2,19,0,0,25,30,56,23,20,15,19,12,200,0.125,0.15,0.28,0.115,0.1,0.075,0.095,0.06,12,-4,56,2,
7.9_raw.csv_filtered_by_correlation5.0_SNR0.0_acceleration_1.5_individual_replacement_strategy_0.0,0.271,-0.026,-0.02,0.014,0.013,0.001,0.118,0.116,0.031,0.764,-3.674,-0.589,13.502,37.127,10.529,0.0,-0.003,-0.0,0.263,0.735,-0.52,0.562,-0.698,0.001,0.0,-0.0,-0.0,0.0,0.0,0.0,0.0,0.0,1,26,2,19,0,0,25,30,56,23,20,15,19,12,200,0.125,0.15,0.28,0.115,0.1,0.075,0.095,0.06,12,-4,56,2,
7.6_raw.csv_filtered_by_correlation5.0_SNR0.0_Acceleration_1.5_all_replacement_strategy_0.0,0.271,-0.026,-0.02,0.014,0.013,0.001,0.118,0.116,0.031,0.764,-3.674,-0.589,13.502,37.127,10.529,0.0,-0.003,-0.0,0.263,0.735,-0.52,0.562,-0.698,0.001,0.0,-0.0,-0.0,0.0,0.0,0.0,0.0,0.0,1,26,2,19,0,0,25,30,56,23,20,15,19,12,200,0.125,0.15,0.28,0.115,0.1,0.075,0.095,0.06,12,-4,56,2,
7.6_raw.csv_filtered_by_correlation5.0_SNR0.0_acceleration_1.5_individual_replacement_strategy_0.0,0.271,-0.026,-0.02,0.014,0.013,0.001,0.118,0.116,0.031,0.764,-3.674,-0.589,13.502,37.127,10.529,0.0,-0.003,-0.0,0.263,0.735,-0.52,0.562,-0.698,0.001,0.0,-0.0,-0.0,0.0,0.0,0.0,0.0,0.0,1,26,2,19,0,0,25,30,56,23,20,15,19,12,200,0.125,0.15,0.28,0.115,0.1,0.075,0.095,0.06,12,-4,56,2,
7.2_raw.csv_filtered_by_correlation5.0_SNR0.0_Acceleration_1.5_all_replacement_strategy_0.0,0.271,-0.026,-0.02,0.014,0.013,0.001,0.118,0.116,0.031,0.764,-3.674,-0.589,13.502,37.127,10.529,0.0,-0.003,-0.0,0.263,0.735,-0.52,0.562,-0.698,0.001,0.0,-0.0,-0.0,0.0,0.0,0.0,0.0,0.0,1,26,2,19,0,0,25,30,56,23,20,15,19,12,200,0.125,0.15,0.28,0.115,0.1,0.075,0.095,0.06,12,-4,56,2,
7.2_raw.csv_filtered_by_correlation5.0_SNR0.0_acceleration_1.5_individual_replacement_strategy_0.0,0.271,-0.026,-0.02,0.014,0.013,0.001,0.118,0.116,0.031,0.764,-3.674,-0.589,13.502,37.127,10.529,0.0,-0.003,-0.0,0.263,0.735,-0.52,0.562,-0.698,0.001,0.0,-0.0,-0.0,0.0,0.0,0.0,0.0,0.0,1,26,2,19,0,0,25,30,56,23,20,15,19,12,200,0.125,0.15,0.28,0.115,0.1,0.075,0.095,0.06,12,-4,56,2,
Tue Nov 29 01:18:06 2022,average_velocity_U,average_velocity_V,average_velocity_W,U_variance_Prime,V_variance_Prime,W_variance_Prime,U_stdev_Prime,V_stdev_Prime,W_stdev_Prime,Skewness_U_Prime,Skewness_V_Prime,Skewness_W_Prime,Kurtosis_U_Prime,Kurtosis_V_Prime,Kurtosis_W_Prime,Reynolds_stress_u'v',Reynolds_stress_u'w',Reynolds_stress_v'w',Anisotropy,M30,M03,M12,M21,fku_2d,Fku_2d,fkw_2d,Fkw_2d,fku_3d,Fku_3d,fkw_3d,Fkw_3d,TKE_3d,Q1_K_Value,Q2_K_Value,Q3_K_Value,Q4_K_Value,e,ED,Octant_plus_1,Octant_minus_1,Octant_plus_2,Octant_minus_2,Octant_plus_3,Octant_minus_3,Octant_plus_4,Octant_minus_4,Total_Octant_sample,Probability_Octant_plus_1,Probability_Octant_minus_1,Probability_Octant_plus_2,Probability_Octant_minus_2,Probability_Octant_plus_3,Probability_Octant_minus_3,Probability_Octant_plus_4,Probability_Octant_minus_4,Min_Octant_Count,Min_Octant_Count_id,Max_Octant_Count,Max_Octant_Count_id,
7.9_raw.csv_filtered_by_correlation5.0_SNR6.0_Acceleration_1.5_all_replacement_strategy_0.0,0.271,-0.026,-0.02,0.014,0.013,0.001,0.118,0.116,0.031,0.764,-3.674,-0.589,13.502,37.127,10.529,0.0,-0.003,-0.0,0.263,0.735,-0.52,0.562,-0.698,0.001,0.0,-0.0,-0.0,0.0,0.0,0.0,0.0,0.0,1,26,2,19,0,0,25,30,56,23,20,15,19,12,200,0.125,0.15,0.28,0.115,0.1,0.075,0.095,0.06,12,-4,56,2,
7.9_raw.csv_filtered_by_correlation5.0_SNR6.0_acceleration_1.5_individual_replacement_strategy_0.0,0.271,-0.026,-0.02,0.014,0.013,0.001,0.118,0.116,0.031,0.764,-3.674,-0.589,13.502,37.127,10.529,0.0,-0.003,-0.0,0.263,0.735,-0.52,0.562,-0.698,0.001,0.0,-0.0,-0.0,0.0,0.0,0.0,0.0,0.0,1,26,2,19,0,0,25,30,56,23,20,15,19,12,200,0.125,0.15,0.28,0.115,0.1,0.075,0.095,0.06,12,-4,56,2,
7.6_raw.csv_filtered_by_correlation5.0_SNR6.0_Acceleration_1.5_all_replacement_strategy_0.0,0.271,-0.026,-0.02,0.014,0.013,0.001,0.118,0.116,0.031,0.764,-3.674,-0.589,13.502,37.127,10.529,0.0,-0.003,-0.0,0.263,0.735,-0.52,0.562,-0.698,0.001,0.0,-0.0,-0.0,0.0,0.0,0.0,0.0,0.0,1,26,2,19,0,0,25,30,56,23,20,15,19,12,200,0.125,0.15,0.28,0.115,0.1,0.075,0.095,0.06,12,-4,56,2,
7.6_raw.csv_filtered_by_correlation5.0_SNR6.0_acceleration_1.5_individual_replacement_strategy_0.0,0.271,-0.026,-0.02,0.014,0.013,0.001,0.118,0.116,0.031,0.764,-3.674,-0.589,13.502,37.127,10.529,0.0,-0.003,-0.0,0.263,0.735,-0.52,0.562,-0.698,0.001,0.0,-0.0,-0.0,0.0,0.0,0.0,0.0,0.0,1,26,2,19,0,0,25,30,56,23,20,15,19,12,200,0.125,0.15,0.28,0.115,0.1,0.075,0.095,0.06,12,-4,56,2,
7.2_raw.csv_filtered_by_correlation5.0_SNR6.0_Acceleration_1.5_all_replacement_strategy_0.0,0.271,-0.026,-0.02,0.014,0.013,0.001,0.118,0.116,0.031,0.764,-3.674,-0.589,13.502,37.127,10.529,0.0,-0.003,-0.0,0.263,0.735,-0.52,0.562,-0.698,0.001,0.0,-0.0,-0.0,0.0,0.0,0.0,0.0,0.0,1,26,2,19,0,0,25,30,56,23,20,15,19,12,200,0.125,0.15,0.28,0.115,0.1,0.075,0.095,0.06,12,-4,56,2,
7.2_raw.csv_filtered_by_correlation5.0_SNR6.0_acceleration_1.5_individual_replacement_strategy_0.0,0.271,-0.026,-0.02,0.014,0.013,0.001,0.118,0.116,0.031,0.764,-3.674,-0.589,13.502,37.127,10.529,0.0,-0.003,-0.0,0.263,0.735,-0.52,0.562,-0.698,0.001,0.0,-0.0,-0.0,0.0,0.0,0.0,0.0,0.0,1,26,2,19,0,0,25,30,56,23,20,15,19,12,200,0.125,0.15,0.28,0.115,0.1,0.075,0.095,0.06,12,-4,56,2,
Tue Nov 29 01:18:11 2022,average_velocity_U,average_velocity_V,average_velocity_W,U_variance_Prime,V_variance_Prime,W_variance_Prime,U_stdev_Prime,V_stdev_Prime,W_stdev_Prime,Skewness_U_Prime,Skewness_V_Prime,Skewness_W_Prime,Kurtosis_U_Prime,Kurtosis_V_Prime,Kurtosis_W_Prime,Reynolds_stress_u'v',Reynolds_stress_u'w',Reynolds_stress_v'w',Anisotropy,M30,M03,M12,M21,fku_2d,Fku_2d,fkw_2d,Fkw_2d,fku_3d,Fku_3d,fkw_3d,Fkw_3d,TKE_3d,Q1_K_Value,Q2_K_Value,Q3_K_Value,Q4_K_Value,e,ED,Octant_plus_1,Octant_minus_1,Octant_plus_2,Octant_minus_2,Octant_plus_3,Octant_minus_3,Octant_plus_4,Octant_minus_4,Total_Octant_sample,Probability_Octant_plus_1,Probability_Octant_minus_1,Probability_Octant_plus_2,Probability_Octant_minus_2,Probability_Octant_plus_3,Probability_Octant_minus_3,Probability_Octant_plus_4,Probability_Octant_minus_4,Min_Octant_Count,Min_Octant_Count_id,Max_Octant_Count,Max_Octant_Count_id,
7.9_raw.csv_filtered_by_correlation5.0_SNR6.0_Acceleration_1.5_all_replacement_strategy_0.0,0.271,-0.026,-0.02,0.014,0.013,0.001,0.118,0.116,0.031,0.764,-3.674,-0.589,13.502,37.127,10.529,0.0,-0.003,-0.0,0.263,0.735,-0.52,0.562,-0.698,0.001,0.0,-0.0,-0.0,0.0,0.0,0.0,0.0,0.0,1,26,2,19,0,0,25,30,56,23,20,15,19,12,200,0.125,0.15,0.28,0.115,0.1,0.075,0.095,0.06,12,-4,56,2,
7.9_raw.csv_filtered_by_correlation5.0_SNR6.0_acceleration_1.5_individual_replacement_strategy_0.0,0.271,-0.026,-0.02,0.014,0.013,0.001,0.118,0.116,0.031,0.764,-3.674,-0.589,13.502,37.127,10.529,0.0,-0.003,-0.0,0.263,0.735,-0.52,0.562,-0.698,0.001,0.0,-0.0,-0.0,0.0,0.0,0.0,0.0,0.0,1,26,2,19,0,0,25,30,56,23,20,15,19,12,200,0.125,0.15,0.28,0.115,0.1,0.075,0.095,0.06,12,-4,56,2,
7.6_raw.csv_filtered_by_correlation5.0_SNR6.0_Acceleration_1.5_all_replacement_strategy_0.0,0.271,-0.026,-0.02,0.014,0.013,0.001,0.118,0.116,0.031,0.764,-3.674,-0.589,13.502,37.127,10.529,0.0,-0.003,-0.0,0.263,0.735,-0.52,0.562,-0.698,0.001,0.0,-0.0,-0.0,0.0,0.0,0.0,0.0,0.0,1,26,2,19,0,0,25,30,56,23,20,15,19,12,200,0.125,0.15,0.28,0.115,0.1,0.075,0.095,0.06,12,-4,56,2,
7.6_raw.csv_filtered_by_correlation5.0_SNR6.0_acceleration_1.5_individual_replacement_strategy_0.0,0.271,-0.026,-0.02,0.014,0.013,0.001,0.118,0.116,0.031,0.764,-3.674,-0.589,13.502,37.127,10.529,0.0,-0.003,-0.0,0.263,0.735,-0.52,0.562,-0.698,0.001,0.0,-0.0,-0.0,0.0,0.0,0.0,0.0,0.0,1,26,2,19,0,0,25,30,56,23,20,15,19,12,200,0.125,0.15,0.28,0.115,0.1,0.075,0.095,0.06,12,-4,56,2,
7.2_raw.csv_filtered_by_correlation5.0_SNR6.0_Acceleration_1.5_all_replacement_strategy_0.0,0.271,-0.026,-0.02,0.014,0.013,0.001,0.118,0.116,0.031,0.764,-3.674,-0.589,13.502,37.127,10.529,0.0,-0.003,-0.0,0.263,0.735,-0.52,0.562,-0.698,0.001,0.0,-0.0,-0.0,0.0,0.0,0.0,0.0,0.0,1,26,2,19,0,0,25,30,56,23,20,15,19,12,200,0.125,0.15,0.28,0.115,0.1,0.075,0.095,0.06,12,-4,56,2,
7.2_raw.csv_filtered_by_correlation5.0_SNR6.0_acceleration_1.5_individual_replacement_strategy_0.0,0.271,-0.026,-0.02,0.014,0.013,0.001,0.118,0.116,0.031,0.764,-3.674,-0.589,13.502,37.127,10.529,0.0,-0.003,-0.0,0.263,0.735,-0.52,0.562,-0.698,0.001,0.0,-0.0,-0.0,0.0,0.0,0.0,0.0,0.0,1,26,2,19,0,0,25,30,56,23,20,15,19,12,200,0.125,0.15,0.28,0.115,0.1,0.075,0.095,0.06,12,-4,56,2,
Tue Nov 29 01:18:17 2022,average_velocity_U,average_velocity_V,average_velocity_W,U_variance_Prime,V_variance_Prime,W_variance_Prime,U_stdev_Prime,V_stdev_Prime,W_stdev_Prime,Skewness_U_Prime,Skewness_V_Prime,Skewness_W_Prime,Kurtosis_U_Prime,Kurtosis_V_Prime,Kurtosis_W_Prime,Reynolds_stress_u'v',Reynolds_stress_u'w',Reynolds_stress_v'w',Anisotropy,M30,M03,M12,M21,fku_2d,Fku_2d,fkw_2d,Fkw_2d,fku_3d,Fku_3d,fkw_3d,Fkw_3d,TKE_3d,Q1_K_Value,Q2_K_Value,Q3_K_Value,Q4_K_Value,e,ED,Octant_plus_1,Octant_minus_1,Octant_plus_2,Octant_minus_2,Octant_plus_3,Octant_minus_3,Octant_plus_4,Octant_minus_4,Total_Octant_sample,Probability_Octant_plus_1,Probability_Octant_minus_1,Probability_Octant_plus_2,Probability_Octant_minus_2,Probability_Octant_plus_3,Probability_Octant_minus_3,Probability_Octant_plus_4,Probability_Octant_minus_4,Min_Octant_Count,Min_Octant_Count_id,Max_Octant_Count,Max_Octant_Count_id,
7.9_raw.csv_filtered_by_correlation5.0_SNR6.0_Acceleration_1.5_all_replacement_strategy_0.0,0.271,-0.026,-0.02,0.014,0.013,0.001,0.118,0.116,0.031,0.764,-3.674,-0.589,13.502,37.127,10.529,0.0,-0.003,-0.0,0.263,0.735,-0.52,0.562,-0.698,0.001,0.0,-0.0,-0.0,0.0,0.0,0.0,0.0,0.0,1,26,2,19,0,0,25,30,56,23,20,15,19,12,200,0.125,0.15,0.28,0.115,0.1,0.075,0.095,0.06,12,-4,56,2,
7.9_raw.csv_filtered_by_correlation5.0_SNR6.0_acceleration_1.5_individual_replacement_strategy_0.0,0.271,-0.026,-0.02,0.014,0.013,0.001,0.118,0.116,0.031,0.764,-3.674,-0.589,13.502,37.127,10.529,0.0,-0.003,-0.0,0.263,0.735,-0.52,0.562,-0.698,0.001,0.0,-0.0,-0.0,0.0,0.0,0.0,0.0,0.0,1,26,2,19,0,0,25,30,56,23,20,15,19,12,200,0.125,0.15,0.28,0.115,0.1,0.075,0.095,0.06,12,-4,56,2,
7.6_raw.csv_filtered_by_correlation5.0_SNR6.0_Acceleration_1.5_all_replacement_strategy_0.0,0.271,-0.026,-0.02,0.014,0.013,0.001,0.118,0.116,0.031,0.764,-3.674,-0.589,13.502,37.127,10.529,0.0,-0.003,-0.0,0.263,0.735,-0.52,0.562,-0.698,0.001,0.0,-0.0,-0.0,0.0,0.0,0.0,0.0,0.0,1,26,2,19,0,0,25,30,56,23,20,15,19,12,200,0.125,0.15,0.28,0.115,0.1,0.075,0.095,0.06,12,-4,56,2,
7.6_raw.csv_filtered_by_correlation5.0_SNR6.0_acceleration_1.5_individual_replacement_strategy_0.0,0.271,-0.026,-0.02,0.014,0.013,0.001,0.118,0.116,0.031,0.764,-3.674,-0.589,13.502,37.127,10.529,0.0,-0.003,-0.0,0.263,0.735,-0.52,0.562,-0.698,0.001,0.0,-0.0,-0.0,0.0,0.0,0.0,0.0,0.0,1,26,2,19,0,0,25,30,56,23,20,15,19,12,200,0.125,0.15,0.28,0.115,0.1,0.075,0.095,0.06,12,-4,56,2,
7.2_raw.csv_filtered_by_correlation5.0_SNR6.0_Acceleration_1.5_all_replacement_strategy_0.0,0.271,-0.026,-0.02,0.014,0.013,0.001,0.118,0.116,0.031,0.764,-3.674,-0.589,13.502,37.127,10.529,0.0,-0.003,-0.0,0.263,0.735,-0.52,0.562,-0.698,0.001,0.0,-0.0,-0.0,0.0,0.0,0.0,0.0,0.0,1,26,2,19,0,0,25,30,56,23,20,15,19,12,200,0.125,0.15,0.28,0.115,0.1,0.075,0.095,0.06,12,-4,56,2,
7.2_raw.csv_filtered_by_correlation5.0_SNR6.0_acceleration_1.5_individual_replacement_strategy_0.0,0.271,-0.026,-0.02,0.014,0.013,0.001,0.118,0.116,0.031,0.764,-3.674,-0.589,13.502,37.127,10.529,0.0,-0.003,-0.0,0.263,0.735,-0.52,0.562,-0.698,0.001,0.0,-0.0,-0.0,0.0,0.0,0.0,0.0,0.0,1,26,2,19,0,0,25,30,56,23,20,15,19,12,200,0.125,0.15,0.28,0.115,0.1,0.075,0.095,0.06,12,-4,56,2,
Tue Nov 29 01:18:22 2022,average_velocity_U,average_velocity_V,average_velocity_W,U_variance_Prime,V_variance_Prime,W_variance_Prime,U_stdev_Prime,V_stdev_Prime,W_stdev_Prime,Skewness_U_Prime,Skewness_V_Prime,Skewness_W_Prime,Kurtosis_U_Prime,Kurtosis_V_Prime,Kurtosis_W_Prime,Reynolds_stress_u'v',Reynolds_stress_u'w',Reynolds_stress_v'w',Anisotropy,M30,M03,M12,M21,fku_2d,Fku_2d,fkw_2d,Fkw_2d,fku_3d,Fku_3d,fkw_3d,Fkw_3d,TKE_3d,Q1_K_Value,Q2_K_Value,Q3_K_Value,Q4_K_Value,e,ED,Octant_plus_1,Octant_minus_1,Octant_plus_2,Octant_minus_2,Octant_plus_3,Octant_minus_3,Octant_plus_4,Octant_minus_4,Total_Octant_sample,Probability_Octant_plus_1,Probability_Octant_minus_1,Probability_Octant_plus_2,Probability_Octant_minus_2,Probability_Octant_plus_3,Probability_Octant_minus_3,Probability_Octant_plus_4,Probability_Octant_minus_4,Min_Octant_Count,Min_Octant_Count_id,Max_Octant_Count,Max_Octant_Count_id,
7.9_raw.csv_filtered_by_correlation5.0_SNR6.0_Acceleration_1.5_all_replacement_strategy_0.0,0.271,-0.026,-0.02,0.014,0.013,0.001,0.118,0.116,0.031,0.764,-3.674,-0.589,13.502,37.127,10.529,0.0,-0.003,-0.0,0.263,0.735,-0.52,0.562,-0.698,0.001,0.0,-0.0,-0.0,0.0,0.0,0.0,0.0,0.0,1,26,2,19,0,0,25,30,56,23,20,15,19,12,200,0.125,0.15,0.28,0.115,0.1,0.075,0.095,0.06,12,-4,56,2,
7.9_raw.csv_filtered_by_correlation5.0_SNR6.0_acceleration_1.5_individual_replacement_strategy_0.0,0.271,-0.026,-0.02,0.014,0.013,0.001,0.118,0.116,0.031,0.764,-3.674,-0.589,13.502,37.127,10.529,0.0,-0.003,-0.0,0.263,0.735,-0.52,0.562,-0.698,0.001,0.0,-0.0,-0.0,0.0,0.0,0.0,0.0,0.0,1,26,2,19,0,0,25,30,56,23,20,15,19,12,200,0.125,0.15,0.28,0.115,0.1,0.075,0.095,0.06,12,-4,56,2,
7.6_raw.csv_filtered_by_correlation5.0_SNR6.0_Acceleration_1.5_all_replacement_strategy_0.0,0.271,-0.026,-0.02,0.014,0.013,0.001,0.118,0.116,0.031,0.764,-3.674,-0.589,13.502,37.127,10.529,0.0,-0.003,-0.0,0.263,0.735,-0.52,0.562,-0.698,0.001,0.0,-0.0,-0.0,0.0,0.0,0.0,0.0,0.0,1,26,2,19,0,0,25,30,56,23,20,15,19,12,200,0.125,0.15,0.28,0.115,0.1,0.075,0.095,0.06,12,-4,56,2,
7.6_raw.csv_filtered_by_correlation5.0_SNR6.0_acceleration_1.5_individual_replacement_strategy_0.0,0.271,-0.026,-0.02,0.014,0.013,0.001,0.118,0.116,0.031,0.764,-3.674,-0.589,13.502,37.127,10.529,0.0,-0.003,-0.0,0.263,0.735,-0.52,0.562,-0.698,0.001,0.0,-0.0,-0.0,0.0,0.0,0.0,0.0,0.0,1,26,2,19,0,0,25,30,56,23,20,15,19,12,200,0.125,0.15,0.28,0.115,0.1,0.075,0.095,0.06,12,-4,56,2,
7.2_raw.csv_filtered_by_correlation5.0_SNR6.0_Acceleration_1.5_all_replacement_strategy_0.0,0.271,-0.026,-0.02,0.014,0.013,0.001,0.118,0.116,0.031,0.764,-3.674,-0.589,13.502,37.127,10.529,0.0,-0.003,-0.0,0.263,0.735,-0.52,0.562,-0.698,0.001,0.0,-0.0,-0.0,0.0,0.0,0.0,0.0,0.0,1,26,2,19,0,0,25,30,56,23,20,15,19,12,200,0.125,0.15,0.28,0.115,0.1,0.075,0.095,0.06,12,-4,56,2,
7.2_raw.csv_filtered_by_correlation5.0_SNR6.0_acceleration_1.5_individual_replacement_strategy_0.0,0.271,-0.026,-0.02,0.014,0.013,0.001,0.118,0.116,0.031,0.764,-3.674,-0.589,13.502,37.127,10.529,0.0,-0.003,-0.0,0.263,0.735,-0.52,0.562,-0.698,0.001,0.0,-0.0,-0.0,0.0,0.0,0.0,0.0,0.0,1,26,2,19,0,0,25,30,56,23,20,15,19,12,200,0.125,0.15,0.28,0.115,0.1,0.075,0.095,0.06,12,-4,56,2,
Tue Nov 29 01:18:32 2022,average_velocity_U,average_velocity_V,average_velocity_W,U_variance_Prime,V_variance_Prime,W_variance_Prime,U_stdev_Prime,V_stdev_Prime,W_stdev_Prime,Skewness_U_Prime,Skewness_V_Prime,Skewness_W_Prime,Kurtosis_U_Prime,Kurtosis_V_Prime,Kurtosis_W_Prime,Reynolds_stress_u'v',Reynolds_stress_u'w',Reynolds_stress_v'w',Anisotropy,M30,M03,M12,M21,fku_2d,Fku_2d,fkw_2d,Fkw_2d,fku_3d,Fku_3d,fkw_3d,Fkw_3d,TKE_3d,Q1_K_Value,Q2_K_Value,Q3_K_Value,Q4_K_Value,e,ED,Octant_plus_1,Octant_minus_1,Octant_plus_2,Octant_minus_2,Octant_plus_3,Octant_minus_3,Octant_plus_4,Octant_minus_4,Total_Octant_sample,Probability_Octant_plus_1,Probability_Octant_minus_1,Probability_Octant_plus_2,Probability_Octant_minus_2,Probability_Octant_plus_3,Probability_Octant_minus_3,Probability_Octant_plus_4,Probability_Octant_minus_4,Min_Octant_Count,Min_Octant_Count_id,Max_Octant_Count,Max_Octant_Count_id,
7.9_raw.csv_filtered_by_correlation5.0_SNR6.0_Acceleration_1.5_all_replacement_strategy_3.0_overall_mean,0.269,-0.026,-0.019,0.013,0.013,0.001,0.114,0.116,0.03,0.657,-3.673,-0.561,14.917,37.124,11.277,0.0,-0.003,-0.0,0.263,0.634,-0.58,0.565,-0.661,0.001,0.0,-0.0,-0.0,0.0,0.0,0.0,0.0,0.0,1,27,2,21,0,0,28,32,51,23,20,15,17,14,200,0.14,0.16,0.255,0.115,0.1,0.075,0.085,0.07,14,-4,51,2,
7.9_raw.csv_filtered_by_correlation5.0_SNR6.0_acceleration_1.5_individual_replacement_strategy_3.0_overall_mean,0.269,-0.026,-0.019,0.013,0.013,0.001,0.114,0.116,0.03,0.657,-3.673,-0.562,14.917,37.124,11.278,0.0,-0.003,-0.0,0.263,0.634,-0.58,0.565,-0.661,0.001,0.0,-0.0,-0.0,0.0,0.0,0.0,0.0,0.0,1,27,2,21,0,0,29,31,51,23,20,15,17,14,200,0.145,0.155,0.255,0.115,0.1,0.075,0.085,0.07,14,-4,51,2,
7.6_raw.csv_filtered_by_correlation5.0_SNR6.0_Acceleration_1.5_all_replacement_strategy_3.0_overall_mean,0.269,-0.026,-0.019,0.013,0.013,0.001,0.114,0.116,0.03,0.657,-3.673,-0.561,14.917,37.124,11.277,0.0,-0.003,-0.0,0.263,0.634,-0.58,0.565,-0.661,0.001,0.0,-0.0,-0.0,0.0,0.0,0.0,0.0,0.0,1,27,2,21,0,0,28,32,51,23,20,15,17,14,200,0.14,0.16,0.255,0.115,0.1,0.075,0.085,0.07,14,-4,51,2,
7.6_raw.csv_filtered_by_correlation5.0_SNR6.0_acceleration_1.5_individual_replacement_strategy_3.0_overall_mean,0.269,-0.026,-0.019,0.013,0.013,0.001,0.114,0.116,0.03,0.657,-3.673,-0.562,14.917,37.124,11.278,0.0,-0.003,-0.0,0.263,0.634,-0.58,0.565,-0.661,0.001,0.0,-0.0,-0.0,0.0,0.0,0.0,0.0,0.0,1,27,2,21,0,0,29,31,51,23,20,15,17,14,200,0.145,0.155,0.255,0.115,0.1,0.075,0.085,0.07,14,-4,51,2,
7.2_raw.csv_filtered_by_correlation5.0_SNR6.0_Acceleration_1.5_all_replacement_strategy_3.0_overall_mean,0.269,-0.026,-0.019,0.013,0.013,0.001,0.114,0.116,0.03,0.657,-3.673,-0.561,14.917,37.124,11.277,0.0,-0.003,-0.0,0.263,0.634,-0.58,0.565,-0.661,0.001,0.0,-0.0,-0.0,0.0,0.0,0.0,0.0,0.0,1,27,2,21,0,0,28,32,51,23,20,15,17,14,200,0.14,0.16,0.255,0.115,0.1,0.075,0.085,0.07,14,-4,51,2,
7.2_raw.csv_filtered_by_correlation5.0_SNR6.0_acceleration_1.5_individual_replacement_strategy_3.0_overall_mean,0.269,-0.026,-0.019,0.013,0.013,0.001,0.114,0.116,0.03,0.657,-3.673,-0.562,14.917,37.124,11.278,0.0,-0.003,-0.0,0.263,0.634,-0.58,0.565,-0.661,0.001,0.0,-0.0,-0.0,0.0,0.0,0.0,0.0,0.0,1,27,2,21,0,0,29,31,51,23,20,15,17,14,200,0.145,0.155,0.255,0.115,0.1,0.075,0.085,0.07,14,-4,51,2,
Tue Nov 29 01:18:40 2022,average_velocity_U,average_velocity_V,average_velocity_W,U_variance_Prime,V_variance_Prime,W_variance_Prime,U_stdev_Prime,V_stdev_Prime,W_stdev_Prime,Skewness_U_Prime,Skewness_V_Prime,Skewness_W_Prime,Kurtosis_U_Prime,Kurtosis_V_Prime,Kurtosis_W_Prime,Reynolds_stress_u'v',Reynolds_stress_u'w',Reynolds_stress_v'w',Anisotropy,M30,M03,M12,M21,fku_2d,Fku_2d,fkw_2d,Fkw_2d,fku_3d,Fku_3d,fkw_3d,Fkw_3d,TKE_3d,Q1_K_Value,Q2_K_Value,Q3_K_Value,Q4_K_Value,e,ED,Octant_plus_1,Octant_minus_1,Octant_plus_2,Octant_minus_2,Octant_plus_3,Octant_minus_3,Octant_plus_4,Octant_minus_4,Total_Octant_sample,Probability_Octant_plus_1,Probability_Octant_minus_1,Probability_Octant_plus_2,Probability_Octant_minus_2,Probability_Octant_plus_3,Probability_Octant_minus_3,Probability_Octant_plus_4,Probability_Octant_minus_4,Min_Octant_Count,Min_Octant_Count_id,Max_Octant_Count,Max_Octant_Count_id,
7.9_raw.csv_filtered_by_correlation5.0_SNR6.0_Acceleration_1.5_all_replacement_strategy_3.0_overall_mean,0.269,-0.026,-0.019,0.013,0.013,0.001,0.114,0.116,0.03,0.657,-3.673,-0.561,14.917,37.124,11.277,0.0,-0.003,-0.0,0.263,0.634,-0.58,0.565,-0.661,0.001,0.0,-0.0,-0.0,0.0,0.0,0.0,0.0,0.0,1,27,2,21,0,0,28,32,51,23,20,15,17,14,200,0.14,0.16,0.255,0.115,0.1,0.075,0.085,0.07,14,-4,51,2,
7.9_raw.csv_filtered_by_correlation5.0_SNR6.0_acceleration_1.5_individual_replacement_strategy_3.0_overall_mean,0.269,-0.026,-0.019,0.013,0.013,0.001,0.114,0.116,0.03,0.657,-3.673,-0.562,14.917,37.124,11.278,0.0,-0.003,-0.0,0.263,0.634,-0.58,0.565,-0.661,0.001,0.0,-0.0,-0.0,0.0,0.0,0.0,0.0,0.0,1,27,2,21,0,0,29,31,51,23,20,15,17,14,200,0.145,0.155,0.255,0.115,0.1,0.075,0.085,0.07,14,-4,51,2,
7.6_raw.csv_filtered_by_correlation5.0_SNR6.0_Acceleration_1.5_all_replacement_strategy_3.0_overall_mean,0.269,-0.026,-0.019,0.013,0.013,0.001,0.114,0.116,0.03,0.657,-3.673,-0.561,14.917,37.124,11.277,0.0,-0.003,-0.0,0.263,0.634,-0.58,0.565,-0.661,0.001,0.0,-0.0,-0.0,0.0,0.0,0.0,0.0,0.0,1,27,2,21,0,0,28,32,51,23,20,15,17,14,200,0.14,0.16,0.255,0.115,0.1,0.075,0.085,0.07,14,-4,51,2,
7.6_raw.csv_filtered_by_correlation5.0_SNR6.0_acceleration_1.5_individual_replacement_strategy_3.0_overall_mean,0.269,-0.026,-0.019,0.013,0.013,0.001,0.114,0.116,0.03,0.657,-3.673,-0.562,14.917,37.124,11.278,0.0,-0.003,-0.0,0.263,0.634,-0.58,0.565,-0.661,0.001,0.0,-0.0,-0.0,0.0,0.0,0.0,0.0,0.0,1,27,2,21,0,0,29,31,51,23,20,15,17,14,200,0.145,0.155,0.255,0.115,0.1,0.075,0.085,0.07,14,-4,51,2,
7.2_raw.csv_filtered_by_correlation5.0_SNR6.0_Acceleration_1.5_all_replacement_strategy_3.0_overall_mean,0.269,-0.026,-0.019,0.013,0.013,0.001,0.114,0.116,0.03,0.657,-3.673,-0.561,14.917,37.124,11.277,0.0,-0.003,-0.0,0.263,0.634,-0.58,0.565,-0.661,0.001,0.0,-0.0,-0.0,0.0,0.0,0.0,0.0,0.0,1,27,2,21,0,0,28,32,51,23,20,15,17,14,200,0.14,0.16,0.255,0.115,0.1,0.075,0.085,0.07,14,-4,51,2,
7.2_raw.csv_filtered_by_correlation5.0_SNR6.0_acceleration_1.5_individual_replacement_strategy_3.0_overall_mean,0.269,-0.026,-0.019,0.013,0.013,0.001,0.114,0.116,0.03,0.657,-3.673,-0.562,14.917,37.124,11.278,0.0,-0.003,-0.0,0.263,0.634,-0.58,0.565,-0.661,0.001,0.0,-0.0,-0.0,0.0,0.0,0.0,0.0,0.0,1,27,2,21,0,0,29,31,51,23,20,15,17,14,200,0.145,0.155,0.255,0.115,0.1,0.075,0.085,0.07,14,-4,51,2,
Tue Nov 29 01:22:45 2022,average_velocity_U,average_velocity_V,average_velocity_W,U_variance_Prime,V_variance_Prime,W_variance_Prime,U_stdev_Prime,V_stdev_Prime,W_stdev_Prime,Skewness_U_Prime,Skewness_V_Prime,Skewness_W_Prime,Kurtosis_U_Prime,Kurtosis_V_Prime,Kurtosis_W_Prime,Reynolds_stress_u'v',Reynolds_stress_u'w',Reynolds_stress_v'w',Anisotropy,M30,M03,M12,M21,fku_2d,Fku_2d,fkw_2d,Fkw_2d,fku_3d,Fku_3d,fkw_3d,Fkw_3d,TKE_3d,Q1_K_Value,Q2_K_Value,Q3_K_Value,Q4_K_Value,e,ED,Octant_plus_1,Octant_minus_1,Octant_plus_2,Octant_minus_2,Octant_plus_3,Octant_minus_3,Octant_plus_4,Octant_minus_4,Total_Octant_sample,Probability_Octant_plus_1,Probability_Octant_minus_1,Probability_Octant_plus_2,Probability_Octant_minus_2,Probability_Octant_plus_3,Probability_Octant_minus_3,Probability_Octant_plus_4,Probability_Octant_minus_4,Min_Octant_Count,Min_Octant_Count_id,Max_Octant_Count,Max_Octant_Count_id,
Tue Nov 29 01:37:34 2022,average_velocity_U,average_velocity_V,average_velocity_W,U_variance_Prime,V_variance_Prime,W_variance_Prime,U_stdev_Prime,V_stdev_Prime,W_stdev_Prime,Skewness_U_Prime,Skewness_V_Prime,Skewness_W_Prime,Kurtosis_U_Prime,Kurtosis_V_Prime,Kurtosis_W_Prime,Reynolds_stress_u'v',Reynolds_stress_u'w',Reynolds_stress_v'w',Anisotropy,M30,M03,M12,M21,fku_2d,Fku_2d,fkw_2d,Fkw_2d,fku_3d,Fku_3d,fkw_3d,Fkw_3d,TKE_3d,Q1_K_Value,Q2_K_Value,Q3_K_Value,Q4_K_Value,e,ED,Octant_plus_1,Octant_minus_1,Octant_plus_2,Octant_minus_2,Octant_plus_3,Octant_minus_3,Octant_plus_4,Octant_minus_4,Total_Octant_sample,Probability_Octant_plus_1,Probability_Octant_minus_1,Probability_Octant_plus_2,Probability_Octant_minus_2,Probability_Octant_plus_3,Probability_Octant_minus_3,Probability_Octant_plus_4,Probability_Octant_minus_4,Min_Octant_Count,Min_Octant_Count_id,Max_Octant_Count,Max_Octant_Count_id,
Tue Nov 29 01:38:09 2022,average_velocity_U,average_velocity_V,average_velocity_W,U_variance_Prime,V_variance_Prime,W_variance_Prime,U_stdev_Prime,V_stdev_Prime,W_stdev_Prime,Skewness_U_Prime,Skewness_V_Prime,Skewness_W_Prime,Kurtosis_U_Prime,Kurtosis_V_Prime,Kurtosis_W_Prime,Reynolds_stress_u'v',Reynolds_stress_u'w',Reynolds_stress_v'w',Anisotropy,M30,M03,M12,M21,fku_2d,Fku_2d,fkw_2d,Fkw_2d,fku_3d,Fku_3d,fkw_3d,Fkw_3d,TKE_3d,Q1_K_Value,Q2_K_Value,Q3_K_Value,Q4_K_Value,e,ED,Octant_plus_1,Octant_minus_1,Octant_plus_2,Octant_minus_2,Octant_plus_3,Octant_minus_3,Octant_plus_4,Octant_minus_4,Total_Octant_sample,Probability_Octant_plus_1,Probability_Octant_minus_1,Probability_Octant_plus_2,Probability_Octant_minus_2,Probability_Octant_plus_3,Probability_Octant_minus_3,Probability_Octant_plus_4,Probability_Octant_minus_4,Min_Octant_Count,Min_Octant_Count_id,Max_Octant_Count,Max_Octant_Count_id,
Tue Nov 29 01:38:32 2022,average_velocity_U,average_velocity_V,average_velocity_W,U_variance_Prime,V_variance_Prime,W_variance_Prime,U_stdev_Prime,V_stdev_Prime,W_stdev_Prime,Skewness_U_Prime,Skewness_V_Prime,Skewness_W_Prime,Kurtosis_U_Prime,Kurtosis_V_Prime,Kurtosis_W_Prime,Reynolds_stress_u'v',Reynolds_stress_u'w',Reynolds_stress_v'w',Anisotropy,M30,M03,M12,M21,fku_2d,Fku_2d,fkw_2d,Fkw_2d,fku_3d,Fku_3d,fkw_3d,Fkw_3d,TKE_3d,Q1_K_Value,Q2_K_Value,Q3_K_Value,Q4_K_Value,e,ED,Octant_plus_1,Octant_minus_1,Octant_plus_2,Octant_minus_2,Octant_plus_3,Octant_minus_3,Octant_plus_4,Octant_minus_4,Total_Octant_sample,Probability_Octant_plus_1,Probability_Octant_minus_1,Probability_Octant_plus_2,Probability_Octant_minus_2,Probability_Octant_plus_3,Probability_Octant_minus_3,Probability_Octant_plus_4,Probability_Octant_minus_4,Min_Octant_Count,Min_Octant_Count_id,Max_Octant_Count,Max_Octant_Count_id,
Tue Nov 29 01:38:37 2022,average_velocity_U,average_velocity_V,average_velocity_W,U_variance_Prime,V_variance_Prime,W_variance_Prime,U_stdev_Prime,V_stdev_Prime,W_stdev_Prime,Skewness_U_Prime,Skewness_V_Prime,Skewness_W_Prime,Kurtosis_U_Prime,Kurtosis_V_Prime,Kurtosis_W_Prime,Reynolds_stress_u'v',Reynolds_stress_u'w',Reynolds_stress_v'w',Anisotropy,M30,M03,M12,M21,fku_2d,Fku_2d,fkw_2d,Fkw_2d,fku_3d,Fku_3d,fkw_3d,Fkw_3d,TKE_3d,Q1_K_Value,Q2_K_Value,Q3_K_Value,Q4_K_Value,e,ED,Octant_plus_1,Octant_minus_1,Octant_plus_2,Octant_minus_2,Octant_plus_3,Octant_minus_3,Octant_plus_4,Octant_minus_4,Total_Octant_sample,Probability_Octant_plus_1,Probability_Octant_minus_1,Probability_Octant_plus_2,Probability_Octant_minus_2,Probability_Octant_plus_3,Probability_Octant_minus_3,Probability_Octant_plus_4,Probability_Octant_minus_4,Min_Octant_Count,Min_Octant_Count_id,Max_Octant_Count,Max_Octant_Count_id,
Tue Nov 29 01:38:38 2022,average_velocity_U,average_velocity_V,average_velocity_W,U_variance_Prime,V_variance_Prime,W_variance_Prime,U_stdev_Prime,V_stdev_Prime,W_stdev_Prime,Skewness_U_Prime,Skewness_V_Prime,Skewness_W_Prime,Kurtosis_U_Prime,Kurtosis_V_Prime,Kurtosis_W_Prime,Reynolds_stress_u'v',Reynolds_stress_u'w',Reynolds_stress_v'w',Anisotropy,M30,M03,M12,M21,fku_2d,Fku_2d,fkw_2d,Fkw_2d,fku_3d,Fku_3d,fkw_3d,Fkw_3d,TKE_3d,Q1_K_Value,Q2_K_Value,Q3_K_Value,Q4_K_Value,e,ED,Octant_plus_1,Octant_minus_1,Octant_plus_2,Octant_minus_2,Octant_plus_3,Octant_minus_3,Octant_plus_4,Octant_minus_4,Total_Octant_sample,Probability_Octant_plus_1,Probability_Octant_minus_1,Probability_Octant_plus_2,Probability_Octant_minus_2,Probability_Octant_plus_3,Probability_Octant_minus_3,Probability_Octant_plus_4,Probability_Octant_minus_4,Min_Octant_Count,Min_Octant_Count_id,Max_Octant_Count,Max_Octant_Count_id,
Tue Nov 29 01:39:07 2022,average_velocity_U,average_velocity_V,average_velocity_W,U_variance_Prime,V_variance_Prime,W_variance_Prime,U_stdev_Prime,V_stdev_Prime,W_stdev_Prime,Skewness_U_Prime,Skewness_V_Prime,Skewness_W_Prime,Kurtosis_U_Prime,Kurtosis_V_Prime,Kurtosis_W_Prime,Reynolds_stress_u'v',Reynolds_stress_u'w',Reynolds_stress_v'w',Anisotropy,M30,M03,M12,M21,fku_2d,Fku_2d,fkw_2d,Fkw_2d,fku_3d,Fku_3d,fkw_3d,Fkw_3d,TKE_3d,Q1_K_Value,Q2_K_Value,Q3_K_Value,Q4_K_Value,e,ED,Octant_plus_1,Octant_minus_1,Octant_plus_2,Octant_minus_2,Octant_plus_3,Octant_minus_3,Octant_plus_4,Octant_minus_4,Total_Octant_sample,Probability_Octant_plus_1,Probability_Octant_minus_1,Probability_Octant_plus_2,Probability_Octant_minus_2,Probability_Octant_plus_3,Probability_Octant_minus_3,Probability_Octant_plus_4,Probability_Octant_minus_4,Min_Octant_Count,Min_Octant_Count_id,Max_Octant_Count,Max_Octant_Count_id,
Tue Nov 29 01:39:28 2022,average_velocity_U,average_velocity_V,average_velocity_W,U_variance_Prime,V_variance_Prime,W_variance_Prime,U_stdev_Prime,V_stdev_Prime,W_stdev_Prime,Skewness_U_Prime,Skewness_V_Prime,Skewness_W_Prime,Kurtosis_U_Prime,Kurtosis_V_Prime,Kurtosis_W_Prime,Reynolds_stress_u'v',Reynolds_stress_u'w',Reynolds_stress_v'w',Anisotropy,M30,M03,M12,M21,fku_2d,Fku_2d,fkw_2d,Fkw_2d,fku_3d,Fku_3d,fkw_3d,Fkw_3d,TKE_3d,Q1_K_Value,Q2_K_Value,Q3_K_Value,Q4_K_Value,e,ED,Octant_plus_1,Octant_minus_1,Octant_plus_2,Octant_minus_2,Octant_plus_3,Octant_minus_3,Octant_plus_4,Octant_minus_4,Total_Octant_sample,Probability_Octant_plus_1,Probability_Octant_minus_1,Probability_Octant_plus_2,Probability_Octant_minus_2,Probability_Octant_plus_3,Probability_Octant_minus_3,Probability_Octant_plus_4,Probability_Octant_minus_4,Min_Octant_Count,Min_Octant_Count_id,Max_Octant_Count,Max_Octant_Count_id,
Tue Nov 29 01:39:30 2022,average_velocity_U,average_velocity_V,average_velocity_W,U_variance_Prime,V_variance_Prime,W_variance_Prime,U_stdev_Prime,V_stdev_Prime,W_stdev_Prime,Skewness_U_Prime,Skewness_V_Prime,Skewness_W_Prime,Kurtosis_U_Prime,Kurtosis_V_Prime,Kurtosis_W_Prime,Reynolds_stress_u'v',Reynolds_stress_u'w',Reynolds_stress_v'w',Anisotropy,M30,M03,M12,M21,fku_2d,Fku_2d,fkw_2d,Fkw_2d,fku_3d,Fku_3d,fkw_3d,Fkw_3d,TKE_3d,Q1_K_Value,Q2_K_Value,Q3_K_Value,Q4_K_Value,e,ED,Octant_plus_1,Octant_minus_1,Octant_plus_2,Octant_minus_2,Octant_plus_3,Octant_minus_3,Octant_plus_4,Octant_minus_4,Total_Octant_sample,Probability_Octant_plus_1,Probability_Octant_minus_1,Probability_Octant_plus_2,Probability_Octant_minus_2,Probability_Octant_plus_3,Probability_Octant_minus_3,Probability_Octant_plus_4,Probability_Octant_minus_4,Min_Octant_Count,Min_Octant_Count_id,Max_Octant_Count,Max_Octant_Count_id,
Tue Nov 29 01:39:39 2022,average_velocity_U,average_velocity_V,average_velocity_W,U_variance_Prime,V_variance_Prime,W_variance_Prime,U_stdev_Prime,V_stdev_Prime,W_stdev_Prime,Skewness_U_Prime,Skewness_V_Prime,Skewness_W_Prime,Kurtosis_U_Prime,Kurtosis_V_Prime,Kurtosis_W_Prime,Reynolds_stress_u'v',Reynolds_stress_u'w',Reynolds_stress_v'w',Anisotropy,M30,M03,M12,M21,fku_2d,Fku_2d,fkw_2d,Fkw_2d,fku_3d,Fku_3d,fkw_3d,Fkw_3d,TKE_3d,Q1_K_Value,Q2_K_Value,Q3_K_Value,Q4_K_Value,e,ED,Octant_plus_1,Octant_minus_1,Octant_plus_2,Octant_minus_2,Octant_plus_3,Octant_minus_3,Octant_plus_4,Octant_minus_4,Total_Octant_sample,Probability_Octant_plus_1,Probability_Octant_minus_1,Probability_Octant_plus_2,Probability_Octant_minus_2,Probability_Octant_plus_3,Probability_Octant_minus_3,Probability_Octant_plus_4,Probability_Octant_minus_4,Min_Octant_Count,Min_Octant_Count_id,Max_Octant_Count,Max_Octant_Count_id,
Tue Nov 29 01:39:46 2022,average_velocity_U,average_velocity_V,average_velocity_W,U_variance_Prime,V_variance_Prime,W_variance_Prime,U_stdev_Prime,V_stdev_Prime,W_stdev_Prime,Skewness_U_Prime,Skewness_V_Prime,Skewness_W_Prime,Kurtosis_U_Prime,Kurtosis_V_Prime,Kurtosis_W_Prime,Reynolds_stress_u'v',Reynolds_stress_u'w',Reynolds_stress_v'w',Anisotropy,M30,M03,M12,M21,fku_2d,Fku_2d,fkw_2d,Fkw_2d,fku_3d,Fku_3d,fkw_3d,Fkw_3d,TKE_3d,Q1_K_Value,Q2_K_Value,Q3_K_Value,Q4_K_Value,e,ED,Octant_plus_1,Octant_minus_1,Octant_plus_2,Octant_minus_2,Octant_plus_3,Octant_minus_3,Octant_plus_4,Octant_minus_4,Total_Octant_sample,Probability_Octant_plus_1,Probability_Octant_minus_1,Probability_Octant_plus_2,Probability_Octant_minus_2,Probability_Octant_plus_3,Probability_Octant_minus_3,Probability_Octant_plus_4,Probability_Octant_minus_4,Min_Octant_Count,Min_Octant_Count_id,Max_Octant_Count,Max_Octant_Count_id,
Tue Nov 29 01:46:21 2022,average_velocity_U,average_velocity_V,average_velocity_W,U_variance_Prime,V_variance_Prime,W_variance_Prime,U_stdev_Prime,V_stdev_Prime,W_stdev_Prime,Skewness_U_Prime,Skewness_V_Prime,Skewness_W_Prime,Kurtosis_U_Prime,Kurtosis_V_Prime,Kurtosis_W_Prime,Reynolds_stress_u'v',Reynolds_stress_u'w',Reynolds_stress_v'w',Anisotropy,M30,M03,M12,M21,fku_2d,Fku_2d,fkw_2d,Fkw_2d,fku_3d,Fku_3d,fkw_3d,Fkw_3d,TKE_3d,Q1_K_Value,Q2_K_Value,Q3_K_Value,Q4_K_Value,e,ED,Octant_plus_1,Octant_minus_1,Octant_plus_2,Octant_minus_2,Octant_plus_3,Octant_minus_3,Octant_plus_4,Octant_minus_4,Total_Octant_sample,Probability_Octant_plus_1,Probability_Octant_minus_1,Probability_Octant_plus_2,Probability_Octant_minus_2,Probability_Octant_plus_3,Probability_Octant_minus_3,Probability_Octant_plus_4,Probability_Octant_minus_4,Min_Octant_Count,Min_Octant_Count_id,Max_Octant_Count,Max_Octant_Count_id,
Tue Nov 29 01:46:34 2022,average_velocity_U,average_velocity_V,average_velocity_W,U_variance_Prime,V_variance_Prime,W_variance_Prime,U_stdev_Prime,V_stdev_Prime,W_stdev_Prime,Skewness_U_Prime,Skewness_V_Prime,Skewness_W_Prime,Kurtosis_U_Prime,Kurtosis_V_Prime,Kurtosis_W_Prime,Reynolds_stress_u'v',Reynolds_stress_u'w',Reynolds_stress_v'w',Anisotropy,M30,M03,M12,M21,fku_2d,Fku_2d,fkw_2d,Fkw_2d,fku_3d,Fku_3d,fkw_3d,Fkw_3d,TKE_3d,Q1_K_Value,Q2_K_Value,Q3_K_Value,Q4_K_Value,e,ED,Octant_plus_1,Octant_minus_1,Octant_plus_2,Octant_minus_2,Octant_plus_3,Octant_minus_3,Octant_plus_4,Octant_minus_4,Total_Octant_sample,Probability_Octant_plus_1,Probability_Octant_minus_1,Probability_Octant_plus_2,Probability_Octant_minus_2,Probability_Octant_plus_3,Probability_Octant_minus_3,Probability_Octant_plus_4,Probability_Octant_minus_4,Min_Octant_Count,Min_Octant_Count_id,Max_Octant_Count,Max_Octant_Count_id,
Tue Nov 29 01:46:55 2022,average_velocity_U,average_velocity_V,average_velocity_W,U_variance_Prime,V_variance_Prime,W_variance_Prime,U_stdev_Prime,V_stdev_Prime,W_stdev_Prime,Skewness_U_Prime,Skewness_V_Prime,Skewness_W_Prime,Kurtosis_U_Prime,Kurtosis_V_Prime,Kurtosis_W_Prime,Reynolds_stress_u'v',Reynolds_stress_u'w',Reynolds_stress_v'w',Anisotropy,M30,M03,M12,M21,fku_2d,Fku_2d,fkw_2d,Fkw_2d,fku_3d,Fku_3d,fkw_3d,Fkw_3d,TKE_3d,Q1_K_Value,Q2_K_Value,Q3_K_Value,Q4_K_Value,e,ED,Octant_plus_1,Octant_minus_1,Octant_plus_2,Octant_minus_2,Octant_plus_3,Octant_minus_3,Octant_plus_4,Octant_minus_4,Total_Octant_sample,Probability_Octant_plus_1,Probability_Octant_minus_1,Probability_Octant_plus_2,Probability_Octant_minus_2,Probability_Octant_plus_3,Probability_Octant_minus_3,Probability_Octant_plus_4,Probability_Octant_minus_4,Min_Octant_Count,Min_Octant_Count_id,Max_Octant_Count,Max_Octant_Count_id,
Tue Nov 29 01:47:07 2022,average_velocity_U,average_velocity_V,average_velocity_W,U_variance_Prime,V_variance_Prime,W_variance_Prime,U_stdev_Prime,V_stdev_Prime,W_stdev_Prime,Skewness_U_Prime,Skewness_V_Prime,Skewness_W_Prime,Kurtosis_U_Prime,Kurtosis_V_Prime,Kurtosis_W_Prime,Reynolds_stress_u'v',Reynolds_stress_u'w',Reynolds_stress_v'w',Anisotropy,M30,M03,M12,M21,fku_2d,Fku_2d,fkw_2d,Fkw_2d,fku_3d,Fku_3d,fkw_3d,Fkw_3d,TKE_3d,Q1_K_Value,Q2_K_Value,Q3_K_Value,Q4_K_Value,e,ED,Octant_plus_1,Octant_minus_1,Octant_plus_2,Octant_minus_2,Octant_plus_3,Octant_minus_3,Octant_plus_4,Octant_minus_4,Total_Octant_sample,Probability_Octant_plus_1,Probability_Octant_minus_1,Probability_Octant_plus_2,Probability_Octant_minus_2,Probability_Octant_plus_3,Probability_Octant_minus_3,Probability_Octant_plus_4,Probability_Octant_minus_4,Min_Octant_Count,Min_Octant_Count_id,Max_Octant_Count,Max_Octant_Count_id,
Tue Nov 29 01:47:08 2022,average_velocity_U,average_velocity_V,average_velocity_W,U_variance_Prime,V_variance_Prime,W_variance_Prime,U_stdev_Prime,V_stdev_Prime,W_stdev_Prime,Skewness_U_Prime,Skewness_V_Prime,Skewness_W_Prime,Kurtosis_U_Prime,Kurtosis_V_Prime,Kurtosis_W_Prime,Reynolds_stress_u'v',Reynolds_stress_u'w',Reynolds_stress_v'w',Anisotropy,M30,M03,M12,M21,fku_2d,Fku_2d,fkw_2d,Fkw_2d,fku_3d,Fku_3d,fkw_3d,Fkw_3d,TKE_3d,Q1_K_Value,Q2_K_Value,Q3_K_Value,Q4_K_Value,e,ED,Octant_plus_1,Octant_minus_1,Octant_plus_2,Octant_minus_2,Octant_plus_3,Octant_minus_3,Octant_plus_4,Octant_minus_4,Total_Octant_sample,Probability_Octant_plus_1,Probability_Octant_minus_1,Probability_Octant_plus_2,Probability_Octant_minus_2,Probability_Octant_plus_3,Probability_Octant_minus_3,Probability_Octant_plus_4,Probability_Octant_minus_4,Min_Octant_Count,Min_Octant_Count_id,Max_Octant_Count,Max_Octant_Count_id,
7.9_raw.csv_filtered_by_correlation4.0_all_replacement_strategy_4.0_12_point_strategy,0.269,-0.026,-0.019,0.013,0.013,0.001,0.114,0.116,0.03,0.647,-3.674,-0.555,14.843,37.127,11.243,0.0,-0.003,-0.0,0.263,0.635,-0.581,0.565,-0.662,0.001,0.0,-0.0,-0.0,0.0,0.0,0.0,0.0,0.0,1,27,2,21,0,0,28,32,51,23,20,15,17,14,200,0.14,0.16,0.255,0.115,0.1,0.075,0.085,0.07,14,-4,51,2,
7.9_raw.csv_filtered_by_correlation4.0_individual_replacement_strategy_4.0_12_point_strategy,0.269,-0.026,-0.019,0.013,0.013,0.001,0.114,0.116,0.03,0.647,-3.674,-0.555,14.843,37.127,11.243,0.0,-0.003,-0.0,0.263,0.635,-0.581,0.565,-0.662,0.001,0.0,-0.0,-0.0,0.0,0.0,0.0,0.0,0.0,1,27,2,21,0,0,28,32,51,23,20,15,17,14,200,0.14,0.16,0.255,0.115,0.1,0.075,0.085,0.07,14,-4,51,2,
7.6_raw.csv_filtered_by_correlation4.0_all_replacement_strategy_4.0_12_point_strategy,0.269,-0.026,-0.019,0.013,0.013,0.001,0.114,0.116,0.03,0.647,-3.674,-0.555,14.843,37.127,11.243,0.0,-0.003,-0.0,0.263,0.635,-0.581,0.565,-0.662,0.001,0.0,-0.0,-0.0,0.0,0.0,0.0,0.0,0.0,1,27,2,21,0,0,28,32,51,23,20,15,17,14,200,0.14,0.16,0.255,0.115,0.1,0.075,0.085,0.07,14,-4,51,2,
7.6_raw.csv_filtered_by_correlation4.0_individual_replacement_strategy_4.0_12_point_strategy,0.269,-0.026,-0.019,0.013,0.013,0.001,0.114,0.116,0.03,0.647,-3.674,-0.555,14.843,37.127,11.243,0.0,-0.003,-0.0,0.263,0.635,-0.581,0.565,-0.662,0.001,0.0,-0.0,-0.0,0.0,0.0,0.0,0.0,0.0,1,27,2,21,0,0,28,32,51,23,20,15,17,14,200,0.14,0.16,0.255,0.115,0.1,0.075,0.085,0.07,14,-4,51,2,
7.2_raw.csv_filtered_by_correlation4.0_all_replacement_strategy_4.0_12_point_strategy,0.269,-0.026,-0.019,0.013,0.013,0.001,0.114,0.116,0.03,0.647,-3.674,-0.555,14.843,37.127,11.243,0.0,-0.003,-0.0,0.263,0.635,-0.581,0.565,-0.662,0.001,0.0,-0.0,-0.0,0.0,0.0,0.0,0.0,0.0,1,27,2,21,0,0,28,32,51,23,20,15,17,14,200,0.14,0.16,0.255,0.115,0.1,0.075,0.085,0.07,14,-4,51,2,
7.2_raw.csv_filtered_by_correlation4.0_individual_replacement_strategy_4.0_12_point_strategy,0.269,-0.026,-0.019,0.013,0.013,0.001,0.114,0.116,0.03,0.647,-3.674,-0.555,14.843,37.127,11.243,0.0,-0.003,-0.0,0.263,0.635,-0.581,0.565,-0.662,0.001,0.0,-0.0,-0.0,0.0,0.0,0.0,0.0,0.0,1,27,2,21,0,0,28,32,51,23,20,15,17,14,200,0.14,0.16,0.255,0.115,0.1,0.075,0.085,0.07,14,-4,51,2,
Tue Nov 29 01:47:14 2022,average_velocity_U,average_velocity_V,average_velocity_W,U_variance_Prime,V_variance_Prime,W_variance_Prime,U_stdev_Prime,V_stdev_Prime,W_stdev_Prime,Skewness_U_Prime,Skewness_V_Prime,Skewness_W_Prime,Kurtosis_U_Prime,Kurtosis_V_Prime,Kurtosis_W_Prime,Reynolds_stress_u'v',Reynolds_stress_u'w',Reynolds_stress_v'w',Anisotropy,M30,M03,M12,M21,fku_2d,Fku_2d,fkw_2d,Fkw_2d,fku_3d,Fku_3d,fkw_3d,Fkw_3d,TKE_3d,Q1_K_Value,Q2_K_Value,Q3_K_Value,Q4_K_Value,e,ED,Octant_plus_1,Octant_minus_1,Octant_plus_2,Octant_minus_2,Octant_plus_3,Octant_minus_3,Octant_plus_4,Octant_minus_4,Total_Octant_sample,Probability_Octant_plus_1,Probability_Octant_minus_1,Probability_Octant_plus_2,Probability_Octant_minus_2,Probability_Octant_plus_3,Probability_Octant_minus_3,Probability_Octant_plus_4,Probability_Octant_minus_4,Min_Octant_Count,Min_Octant_Count_id,Max_Octant_Count,Max_Octant_Count_id,
7.9_raw.csv_filtered_by_correlation4.0_all_replacement_strategy_4.0_12_point_strategy,0.269,-0.026,-0.019,0.013,0.013,0.001,0.114,0.116,0.03,0.647,-3.674,-0.555,14.843,37.127,11.243,0.0,-0.003,-0.0,0.263,0.635,-0.581,0.565,-0.662,0.001,0.0,-0.0,-0.0,0.0,0.0,0.0,0.0,0.0,1,27,2,21,0,0,28,32,51,23,20,15,17,14,200,0.14,0.16,0.255,0.115,0.1,0.075,0.085,0.07,14,-4,51,2,
7.9_raw.csv_filtered_by_correlation4.0_individual_replacement_strategy_4.0_12_point_strategy,0.269,-0.026,-0.019,0.013,0.013,0.001,0.114,0.116,0.03,0.647,-3.674,-0.555,14.843,37.127,11.243,0.0,-0.003,-0.0,0.263,0.635,-0.581,0.565,-0.662,0.001,0.0,-0.0,-0.0,0.0,0.0,0.0,0.0,0.0,1,27,2,21,0,0,28,32,51,23,20,15,17,14,200,0.14,0.16,0.255,0.115,0.1,0.075,0.085,0.07,14,-4,51,2,
7.6_raw.csv_filtered_by_correlation4.0_all_replacement_strategy_4.0_12_point_strategy,0.269,-0.026,-0.019,0.013,0.013,0.001,0.114,0.116,0.03,0.647,-3.674,-0.555,14.843,37.127,11.243,0.0,-0.003,-0.0,0.263,0.635,-0.581,0.565,-0.662,0.001,0.0,-0.0,-0.0,0.0,0.0,0.0,0.0,0.0,1,27,2,21,0,0,28,32,51,23,20,15,17,14,200,0.14,0.16,0.255,0.115,0.1,0.075,0.085,0.07,14,-4,51,2,
7.6_raw.csv_filtered_by_correlation4.0_individual_replacement_strategy_4.0_12_point_strategy,0.269,-0.026,-0.019,0.013,0.013,0.001,0.114,0.116,0.03,0.647,-3.674,-0.555,14.843,37.127,11.243,0.0,-0.003,-0.0,0.263,0.635,-0.581,0.565,-0.662,0.001,0.0,-0.0,-0.0,0.0,0.0,0.0,0.0,0.0,1,27,2,21,0,0,28,32,51,23,20,15,17,14,200,0.14,0.16,0.255,0.115,0.1,0.075,0.085,0.07,14,-4,51,2,
7.2_raw.csv_filtered_by_correlation4.0_all_replacement_strategy_4.0_12_point_strategy,0.269,-0.026,-0.019,0.013,0.013,0.001,0.114,0.116,0.03,0.647,-3.674,-0.555,14.843,37.127,11.243,0.0,-0.003,-0.0,0.263,0.635,-0.581,0.565,-0.662,0.001,0.0,-0.0,-0.0,0.0,0.0,0.0,0.0,0.0,1,27,2,21,0,0,28,32,51,23,20,15,17,14,200,0.14,0.16,0.255,0.115,0.1,0.075,0.085,0.07,14,-4,51,2,
7.2_raw.csv_filtered_by_correlation4.0_individual_replacement_strategy_4.0_12_point_strategy,0.269,-0.026,-0.019,0.013,0.013,0.001,0.114,0.116,0.03,0.647,-3.674,-0.555,14.843,37.127,11.243,0.0,-0.003,-0.0,0.263,0.635,-0.581,0.565,-0.662,0.001,0.0,-0.0,-0.0,0.0,0.0,0.0,0.0,0.0,1,27,2,21,0,0,28,32,51,23,20,15,17,14,200,0.14,0.16,0.255,0.115,0.1,0.075,0.085,0.07,14,-4,51,2,
Tue Nov 29 01:47:15 2022,average_velocity_U,average_velocity_V,average_velocity_W,U_variance_Prime,V_variance_Prime,W_variance_Prime,U_stdev_Prime,V_stdev_Prime,W_stdev_Prime,Skewness_U_Prime,Skewness_V_Prime,Skewness_W_Prime,Kurtosis_U_Prime,Kurtosis_V_Prime,Kurtosis_W_Prime,Reynolds_stress_u'v',Reynolds_stress_u'w',Reynolds_stress_v'w',Anisotropy,M30,M03,M12,M21,fku_2d,Fku_2d,fkw_2d,Fkw_2d,fku_3d,Fku_3d,fkw_3d,Fkw_3d,TKE_3d,Q1_K_Value,Q2_K_Value,Q3_K_Value,Q4_K_Value,e,ED,Octant_plus_1,Octant_minus_1,Octant_plus_2,Octant_minus_2,Octant_plus_3,Octant_minus_3,Octant_plus_4,Octant_minus_4,Total_Octant_sample,Probability_Octant_plus_1,Probability_Octant_minus_1,Probability_Octant_plus_2,Probability_Octant_minus_2,Probability_Octant_plus_3,Probability_Octant_minus_3,Probability_Octant_plus_4,Probability_Octant_minus_4,Min_Octant_Count,Min_Octant_Count_id,Max_Octant_Count,Max_Octant_Count_id,
7.9_raw.csv_filtered_by_correlation4.0_all_replacement_strategy_4.0_12_point_strategy,0.269,-0.026,-0.019,0.013,0.013,0.001,0.114,0.116,0.03,0.647,-3.674,-0.555,14.843,37.127,11.243,0.0,-0.003,-0.0,0.263,0.635,-0.581,0.565,-0.662,0.001,0.0,-0.0,-0.0,0.0,0.0,0.0,0.0,0.0,1,27,2,21,0,0,28,32,51,23,20,15,17,14,200,0.14,0.16,0.255,0.115,0.1,0.075,0.085,0.07,14,-4,51,2,
7.9_raw.csv_filtered_by_correlation4.0_individual_replacement_strategy_4.0_12_point_strategy,0.269,-0.026,-0.019,0.013,0.013,0.001,0.114,0.116,0.03,0.647,-3.674,-0.555,14.843,37.127,11.243,0.0,-0.003,-0.0,0.263,0.635,-0.581,0.565,-0.662,0.001,0.0,-0.0,-0.0,0.0,0.0,0.0,0.0,0.0,1,27,2,21,0,0,28,32,51,23,20,15,17,14,200,0.14,0.16,0.255,0.115,0.1,0.075,0.085,0.07,14,-4,51,2,
7.6_raw.csv_filtered_by_correlation4.0_all_replacement_strategy_4.0_12_point_strategy,0.269,-0.026,-0.019,0.013,0.013,0.001,0.114,0.116,0.03,0.647,-3.674,-0.555,14.843,37.127,11.243,0.0,-0.003,-0.0,0.263,0.635,-0.581,0.565,-0.662,0.001,0.0,-0.0,-0.0,0.0,0.0,0.0,0.0,0.0,1,27,2,21,0,0,28,32,51,23,20,15,17,14,200,0.14,0.16,0.255,0.115,0.1,0.075,0.085,0.07,14,-4,51,2,
7.6_raw.csv_filtered_by_correlation4.0_individual_replacement_strategy_4.0_12_point_strategy,0.269,-0.026,-0.019,0.013,0.013,0.001,0.114,0.116,0.03,0.647,-3.674,-0.555,14.843,37.127,11.243,0.0,-0.003,-0.0,0.263,0.635,-0.581,0.565,-0.662,0.001,0.0,-0.0,-0.0,0.0,0.0,0.0,0.0,0.0,1,27,2,21,0,0,28,32,51,23,20,15,17,14,200,0.14,0.16,0.255,0.115,0.1,0.075,0.085,0.07,14,-4,51,2,
7.2_raw.csv_filtered_by_correlation4.0_all_replacement_strategy_4.0_12_point_strategy,0.269,-0.026,-0.019,0.013,0.013,0.001,0.114,0.116,0.03,0.647,-3.674,-0.555,14.843,37.127,11.243,0.0,-0.003,-0.0,0.263,0.635,-0.581,0.565,-0.662,0.001,0.0,-0.0,-0.0,0.0,0.0,0.0,0.0,0.0,1,27,2,21,0,0,28,32,51,23,20,15,17,14,200,0.14,0.16,0.255,0.115,0.1,0.075,0.085,0.07,14,-4,51,2,
7.2_raw.csv_filtered_by_correlation4.0_individual_replacement_strategy_4.0_12_point_strategy,0.269,-0.026,-0.019,0.013,0.013,0.001,0.114,0.116,0.03,0.647,-3.674,-0.555,14.843,37.127,11.243,0.0,-0.003,-0.0,0.263,0.635,-0.581,0.565,-0.662,0.001,0.0,-0.0,-0.0,0.0,0.0,0.0,0.0,0.0,1,27,2,21,0,0,28,32,51,23,20,15,17,14,200,0.14,0.16,0.255,0.115,0.1,0.075,0.085,0.07,14,-4,51,2,
Tue Nov 29 01:47:16 2022,average_velocity_U,average_velocity_V,average_velocity_W,U_variance_Prime,V_variance_Prime,W_variance_Prime,U_stdev_Prime,V_stdev_Prime,W_stdev_Prime,Skewness_U_Prime,Skewness_V_Prime,Skewness_W_Prime,Kurtosis_U_Prime,Kurtosis_V_Prime,Kurtosis_W_Prime,Reynolds_stress_u'v',Reynolds_stress_u'w',Reynolds_stress_v'w',Anisotropy,M30,M03,M12,M21,fku_2d,Fku_2d,fkw_2d,Fkw_2d,fku_3d,Fku_3d,fkw_3d,Fkw_3d,TKE_3d,Q1_K_Value,Q2_K_Value,Q3_K_Value,Q4_K_Value,e,ED,Octant_plus_1,Octant_minus_1,Octant_plus_2,Octant_minus_2,Octant_plus_3,Octant_minus_3,Octant_plus_4,Octant_minus_4,Total_Octant_sample,Probability_Octant_plus_1,Probability_Octant_minus_1,Probability_Octant_plus_2,Probability_Octant_minus_2,Probability_Octant_plus_3,Probability_Octant_minus_3,Probability_Octant_plus_4,Probability_Octant_minus_4,Min_Octant_Count,Min_Octant_Count_id,Max_Octant_Count,Max_Octant_Count_id,
Tue Nov 29 01:47:16 2022,average_velocity_U,average_velocity_V,average_velocity_W,U_variance_Prime,V_variance_Prime,W_variance_Prime,U_stdev_Prime,V_stdev_Prime,W_stdev_Prime,Skewness_U_Prime,Skewness_V_Prime,Skewness_W_Prime,Kurtosis_U_Prime,Kurtosis_V_Prime,Kurtosis_W_Prime,Reynolds_stress_u'v',Reynolds_stress_u'w',Reynolds_stress_v'w',Anisotropy,M30,M03,M12,M21,fku_2d,Fku_2d,fkw_2d,Fkw_2d,fku_3d,Fku_3d,fkw_3d,Fkw_3d,TKE_3d,Q1_K_Value,Q2_K_Value,Q3_K_Value,Q4_K_Value,e,ED,Octant_plus_1,Octant_minus_1,Octant_plus_2,Octant_minus_2,Octant_plus_3,Octant_minus_3,Octant_plus_4,Octant_minus_4,Total_Octant_sample,Probability_Octant_plus_1,Probability_Octant_minus_1,Probability_Octant_plus_2,Probability_Octant_minus_2,Probability_Octant_plus_3,Probability_Octant_minus_3,Probability_Octant_plus_4,Probability_Octant_minus_4,Min_Octant_Count,Min_Octant_Count_id,Max_Octant_Count,Max_Octant_Count_id,
Tue Nov 29 01:47:16 2022,average_velocity_U,average_velocity_V,average_velocity_W,U_variance_Prime,V_variance_Prime,W_variance_Prime,U_stdev_Prime,V_stdev_Prime,W_stdev_Prime,Skewness_U_Prime,Skewness_V_Prime,Skewness_W_Prime,Kurtosis_U_Prime,Kurtosis_V_Prime,Kurtosis_W_Prime,Reynolds_stress_u'v',Reynolds_stress_u'w',Reynolds_stress_v'w',Anisotropy,M30,M03,M12,M21,fku_2d,Fku_2d,fkw_2d,Fkw_2d,fku_3d,Fku_3d,fkw_3d,Fkw_3d,TKE_3d,Q1_K_Value,Q2_K_Value,Q3_K_Value,Q4_K_Value,e,ED,Octant_plus_1,Octant_minus_1,Octant_plus_2,Octant_minus_2,Octant_plus_3,Octant_minus_3,Octant_plus_4,Octant_minus_4,Total_Octant_sample,Probability_Octant_plus_1,Probability_Octant_minus_1,Probability_Octant_plus_2,Probability_Octant_minus_2,Probability_Octant_plus_3,Probability_Octant_minus_3,Probability_Octant_plus_4,Probability_Octant_minus_4,Min_Octant_Count,Min_Octant_Count_id,Max_Octant_Count,Max_Octant_Count_id,
Tue Nov 29 01:47:17 2022,average_velocity_U,average_velocity_V,average_velocity_W,U_variance_Prime,V_variance_Prime,W_variance_Prime,U_stdev_Prime,V_stdev_Prime,W_stdev_Prime,Skewness_U_Prime,Skewness_V_Prime,Skewness_W_Prime,Kurtosis_U_Prime,Kurtosis_V_Prime,Kurtosis_W_Prime,Reynolds_stress_u'v',Reynolds_stress_u'w',Reynolds_stress_v'w',Anisotropy,M30,M03,M12,M21,fku_2d,Fku_2d,fkw_2d,Fkw_2d,fku_3d,Fku_3d,fkw_3d,Fkw_3d,TKE_3d,Q1_K_Value,Q2_K_Value,Q3_K_Value,Q4_K_Value,e,ED,Octant_plus_1,Octant_minus_1,Octant_plus_2,Octant_minus_2,Octant_plus_3,Octant_minus_3,Octant_plus_4,Octant_minus_4,Total_Octant_sample,Probability_Octant_plus_1,Probability_Octant_minus_1,Probability_Octant_plus_2,Probability_Octant_minus_2,Probability_Octant_plus_3,Probability_Octant_minus_3,Probability_Octant_plus_4,Probability_Octant_minus_4,Min_Octant_Count,Min_Octant_Count_id,Max_Octant_Count,Max_Octant_Count_id,
Tue Nov 29 01:47:17 2022,average_velocity_U,average_velocity_V,average_velocity_W,U_variance_Prime,V_variance_Prime,W_variance_Prime,U_stdev_Prime,V_stdev_Prime,W_stdev_Prime,Skewness_U_Prime,Skewness_V_Prime,Skewness_W_Prime,Kurtosis_U_Prime,Kurtosis_V_Prime,Kurtosis_W_Prime,Reynolds_stress_u'v',Reynolds_stress_u'w',Reynolds_stress_v'w',Anisotropy,M30,M03,M12,M21,fku_2d,Fku_2d,fkw_2d,Fkw_2d,fku_3d,Fku_3d,fkw_3d,Fkw_3d,TKE_3d,Q1_K_Value,Q2_K_Value,Q3_K_Value,Q4_K_Value,e,ED,Octant_plus_1,Octant_minus_1,Octant_plus_2,Octant_minus_2,Octant_plus_3,Octant_minus_3,Octant_plus_4,Octant_minus_4,Total_Octant_sample,Probability_Octant_plus_1,Probability_Octant_minus_1,Probability_Octant_plus_2,Probability_Octant_minus_2,Probability_Octant_plus_3,Probability_Octant_minus_3,Probability_Octant_plus_4,Probability_Octant_minus_4,Min_Octant_Count,Min_Octant_Count_id,Max_Octant_Count,Max_Octant_Count_id,
Tue Nov 29 01:47:17 2022,average_velocity_U,average_velocity_V,average_velocity_W,U_variance_Prime,V_variance_Prime,W_variance_Prime,U_stdev_Prime,V_stdev_Prime,W_stdev_Prime,Skewness_U_Prime,Skewness_V_Prime,Skewness_W_Prime,Kurtosis_U_Prime,Kurtosis_V_Prime,Kurtosis_W_Prime,Reynolds_stress_u'v',Reynolds_stress_u'w',Reynolds_stress_v'w',Anisotropy,M30,M03,M12,M21,fku_2d,Fku_2d,fkw_2d,Fkw_2d,fku_3d,Fku_3d,fkw_3d,Fkw_3d,TKE_3d,Q1_K_Value,Q2_K_Value,Q3_K_Value,Q4_K_Value,e,ED,Octant_plus_1,Octant_minus_1,Octant_plus_2,Octant_minus_2,Octant_plus_3,Octant_minus_3,Octant_plus_4,Octant_minus_4,Total_Octant_sample,Probability_Octant_plus_1,Probability_Octant_minus_1,Probability_Octant_plus_2,Probability_Octant_minus_2,Probability_Octant_plus_3,Probability_Octant_minus_3,Probability_Octant_plus_4,Probability_Octant_minus_4,Min_Octant_Count,Min_Octant_Count_id,Max_Octant_Count,Max_Octant_Count_id,
7.9_raw.csv_filtered_by_correlation4.0_all_replacement_strategy_4.0_12_point_strategy,0.269,-0.026,-0.019,0.013,0.013,0.001,0.114,0.116,0.03,0.647,-3.674,-0.555,14.843,37.127,11.243,0.0,-0.003,-0.0,0.263,0.635,-0.581,0.565,-0.662,0.001,0.0,-0.0,-0.0,0.0,0.0,0.0,0.0,0.0,1,27,2,21,0,0,28,32,51,23,20,15,17,14,200,0.14,0.16,0.255,0.115,0.1,0.075,0.085,0.07,14,-4,51,2,
7.9_raw.csv_filtered_by_correlation4.0_individual_replacement_strategy_4.0_12_point_strategy,0.269,-0.026,-0.019,0.013,0.013,0.001,0.114,0.116,0.03,0.647,-3.674,-0.555,14.843,37.127,11.243,0.0,-0.003,-0.0,0.263,0.635,-0.581,0.565,-0.662,0.001,0.0,-0.0,-0.0,0.0,0.0,0.0,0.0,0.0,1,27,2,21,0,0,28,32,51,23,20,15,17,14,200,0.14,0.16,0.255,0.115,0.1,0.075,0.085,0.07,14,-4,51,2,
7.6_raw.csv_filtered_by_correlation4.0_all_replacement_strategy_4.0_12_point_strategy,0.269,-0.026,-0.019,0.013,0.013,0.001,0.114,0.116,0.03,0.647,-3.674,-0.555,14.843,37.127,11.243,0.0,-0.003,-0.0,0.263,0.635,-0.581,0.565,-0.662,0.001,0.0,-0.0,-0.0,0.0,0.0,0.0,0.0,0.0,1,27,2,21,0,0,28,32,51,23,20,15,17,14,200,0.14,0.16,0.255,0.115,0.1,0.075,0.085,0.07,14,-4,51,2,
7.6_raw.csv_filtered_by_correlation4.0_individual_replacement_strategy_4.0_12_point_strategy,0.269,-0.026,-0.019,0.013,0.013,0.001,0.114,0.116,0.03,0.647,-3.674,-0.555,14.843,37.127,11.243,0.0,-0.003,-0.0,0.263,0.635,-0.581,0.565,-0.662,0.001,0.0,-0.0,-0.0,0.0,0.0,0.0,0.0,0.0,1,27,2,21,0,0,28,32,51,23,20,15,17,14,200,0.14,0.16,0.255,0.115,0.1,0.075,0.085,0.07,14,-4,51,2,
7.2_raw.csv_filtered_by_correlation4.0_all_replacement_strategy_4.0_12_point_strategy,0.269,-0.026,-0.019,0.013,0.013,0.001,0.114,0.116,0.03,0.647,-3.674,-0.555,14.843,37.127,11.243,0.0,-0.003,-0.0,0.263,0.635,-0.581,0.565,-0.662,0.001,0.0,-0.0,-0.0,0.0,0.0,0.0,0.0,0.0,1,27,2,21,0,0,28,32,51,23,20,15,17,14,200,0.14,0.16,0.255,0.115,0.1,0.075,0.085,0.07,14,-4,51,2,
7.2_raw.csv_filtered_by_correlation4.0_individual_replacement_strategy_4.0_12_point_strategy,0.269,-0.026,-0.019,0.013,0.013,0.001,0.114,0.116,0.03,0.647,-3.674,-0.555,14.843,37.127,11.243,0.0,-0.003,-0.0,0.263,0.635,-0.581,0.565,-0.662,0.001,0.0,-0.0,-0.0,0.0,0.0,0.0,0.0,0.0,1,27,2,21,0,0,28,32,51,23,20,15,17,14,200,0.14,0.16,0.255,0.115,0.1,0.075,0.085,0.07,14,-4,51,2,
Tue Nov 29 01:50:02 2022,average_velocity_U,average_velocity_V,average_velocity_W,U_variance_Prime,V_variance_Prime,W_variance_Prime,U_stdev_Prime,V_stdev_Prime,W_stdev_Prime,Skewness_U_Prime,Skewness_V_Prime,Skewness_W_Prime,Kurtosis_U_Prime,Kurtosis_V_Prime,Kurtosis_W_Prime,Reynolds_stress_u'v',Reynolds_stress_u'w',Reynolds_stress_v'w',Anisotropy,M30,M03,M12,M21,fku_2d,Fku_2d,fkw_2d,Fkw_2d,fku_3d,Fku_3d,fkw_3d,Fkw_3d,TKE_3d,Q1_K_Value,Q2_K_Value,Q3_K_Value,Q4_K_Value,e,ED,Octant_plus_1,Octant_minus_1,Octant_plus_2,Octant_minus_2,Octant_plus_3,Octant_minus_3,Octant_plus_4,Octant_minus_4,Total_Octant_sample,Probability_Octant_plus_1,Probability_Octant_minus_1,Probability_Octant_plus_2,Probability_Octant_minus_2,Probability_Octant_plus_3,Probability_Octant_minus_3,Probability_Octant_plus_4,Probability_Octant_minus_4,Min_Octant_Count,Min_Octant_Count_id,Max_Octant_Count,Max_Octant_Count_id,
Tue Nov 29 01:50:21 2022,average_velocity_U,average_velocity_V,average_velocity_W,U_variance_Prime,V_variance_Prime,W_variance_Prime,U_stdev_Prime,V_stdev_Prime,W_stdev_Prime,Skewness_U_Prime,Skewness_V_Prime,Skewness_W_Prime,Kurtosis_U_Prime,Kurtosis_V_Prime,Kurtosis_W_Prime,Reynolds_stress_u'v',Reynolds_stress_u'w',Reynolds_stress_v'w',Anisotropy,M30,M03,M12,M21,fku_2d,Fku_2d,fkw_2d,Fkw_2d,fku_3d,Fku_3d,fkw_3d,Fkw_3d,TKE_3d,Q1_K_Value,Q2_K_Value,Q3_K_Value,Q4_K_Value,e,ED,Octant_plus_1,Octant_minus_1,Octant_plus_2,Octant_minus_2,Octant_plus_3,Octant_minus_3,Octant_plus_4,Octant_minus_4,Total_Octant_sample,Probability_Octant_plus_1,Probability_Octant_minus_1,Probability_Octant_plus_2,Probability_Octant_minus_2,Probability_Octant_plus_3,Probability_Octant_minus_3,Probability_Octant_plus_4,Probability_Octant_minus_4,Min_Octant_Count,Min_Octant_Count_id,Max_Octant_Count,Max_Octant_Count_id,
Tue Nov 29 01:50:29 2022,average_velocity_U,average_velocity_V,average_velocity_W,U_variance_Prime,V_variance_Prime,W_variance_Prime,U_stdev_Prime,V_stdev_Prime,W_stdev_Prime,Skewness_U_Prime,Skewness_V_Prime,Skewness_W_Prime,Kurtosis_U_Prime,Kurtosis_V_Prime,Kurtosis_W_Prime,Reynolds_stress_u'v',Reynolds_stress_u'w',Reynolds_stress_v'w',Anisotropy,M30,M03,M12,M21,fku_2d,Fku_2d,fkw_2d,Fkw_2d,fku_3d,Fku_3d,fkw_3d,Fkw_3d,TKE_3d,Q1_K_Value,Q2_K_Value,Q3_K_Value,Q4_K_Value,e,ED,Octant_plus_1,Octant_minus_1,Octant_plus_2,Octant_minus_2,Octant_plus_3,Octant_minus_3,Octant_plus_4,Octant_minus_4,Total_Octant_sample,Probability_Octant_plus_1,Probability_Octant_minus_1,Probability_Octant_plus_2,Probability_Octant_minus_2,Probability_Octant_plus_3,Probability_Octant_minus_3,Probability_Octant_plus_4,Probability_Octant_minus_4,Min_Octant_Count,Min_Octant_Count_id,Max_Octant_Count,Max_Octant_Count_id,
Tue Nov 29 01:50:50 2022,average_velocity_U,average_velocity_V,average_velocity_W,U_variance_Prime,V_variance_Prime,W_variance_Prime,U_stdev_Prime,V_stdev_Prime,W_stdev_Prime,Skewness_U_Prime,Skewness_V_Prime,Skewness_W_Prime,Kurtosis_U_Prime,Kurtosis_V_Prime,Kurtosis_W_Prime,Reynolds_stress_u'v',Reynolds_stress_u'w',Reynolds_stress_v'w',Anisotropy,M30,M03,M12,M21,fku_2d,Fku_2d,fkw_2d,Fkw_2d,fku_3d,Fku_3d,fkw_3d,Fkw_3d,TKE_3d,Q1_K_Value,Q2_K_Value,Q3_K_Value,Q4_K_Value,e,ED,Octant_plus_1,Octant_minus_1,Octant_plus_2,Octant_minus_2,Octant_plus_3,Octant_minus_3,Octant_plus_4,Octant_minus_4,Total_Octant_sample,Probability_Octant_plus_1,Probability_Octant_minus_1,Probability_Octant_plus_2,Probability_Octant_minus_2,Probability_Octant_plus_3,Probability_Octant_minus_3,Probability_Octant_plus_4,Probability_Octant_minus_4,Min_Octant_Count,Min_Octant_Count_id,Max_Octant_Count,Max_Octant_Count_id,
Tue Nov 29 01:50:55 2022,average_velocity_U,average_velocity_V,average_velocity_W,U_variance_Prime,V_variance_Prime,W_variance_Prime,U_stdev_Prime,V_stdev_Prime,W_stdev_Prime,Skewness_U_Prime,Skewness_V_Prime,Skewness_W_Prime,Kurtosis_U_Prime,Kurtosis_V_Prime,Kurtosis_W_Prime,Reynolds_stress_u'v',Reynolds_stress_u'w',Reynolds_stress_v'w',Anisotropy,M30,M03,M12,M21,fku_2d,Fku_2d,fkw_2d,Fkw_2d,fku_3d,Fku_3d,fkw_3d,Fkw_3d,TKE_3d,Q1_K_Value,Q2_K_Value,Q3_K_Value,Q4_K_Value,e,ED,Octant_plus_1,Octant_minus_1,Octant_plus_2,Octant_minus_2,Octant_plus_3,Octant_minus_3,Octant_plus_4,Octant_minus_4,Total_Octant_sample,Probability_Octant_plus_1,Probability_Octant_minus_1,Probability_Octant_plus_2,Probability_Octant_minus_2,Probability_Octant_plus_3,Probability_Octant_minus_3,Probability_Octant_plus_4,Probability_Octant_minus_4,Min_Octant_Count,Min_Octant_Count_id,Max_Octant_Count,Max_Octant_Count_id,
Tue Nov 29 01:51:01 2022,average_velocity_U,average_velocity_V,average_velocity_W,U_variance_Prime,V_variance_Prime,W_variance_Prime,U_stdev_Prime,V_stdev_Prime,W_stdev_Prime,Skewness_U_Prime,Skewness_V_Prime,Skewness_W_Prime,Kurtosis_U_Prime,Kurtosis_V_Prime,Kurtosis_W_Prime,Reynolds_stress_u'v',Reynolds_stress_u'w',Reynolds_stress_v'w',Anisotropy,M30,M03,M12,M21,fku_2d,Fku_2d,fkw_2d,Fkw_2d,fku_3d,Fku_3d,fkw_3d,Fkw_3d,TKE_3d,Q1_K_Value,Q2_K_Value,Q3_K_Value,Q4_K_Value,e,ED,Octant_plus_1,Octant_minus_1,Octant_plus_2,Octant_minus_2,Octant_plus_3,Octant_minus_3,Octant_plus_4,Octant_minus_4,Total_Octant_sample,Probability_Octant_plus_1,Probability_Octant_minus_1,Probability_Octant_plus_2,Probability_Octant_minus_2,Probability_Octant_plus_3,Probability_Octant_minus_3,Probability_Octant_plus_4,Probability_Octant_minus_4,Min_Octant_Count,Min_Octant_Count_id,Max_Octant_Count,Max_Octant_Count_id,
Tue Nov 29 01:51:06 2022,average_velocity_U,average_velocity_V,average_velocity_W,U_variance_Prime,V_variance_Prime,W_variance_Prime,U_stdev_Prime,V_stdev_Prime,W_stdev_Prime,Skewness_U_Prime,Skewness_V_Prime,Skewness_W_Prime,Kurtosis_U_Prime,Kurtosis_V_Prime,Kurtosis_W_Prime,Reynolds_stress_u'v',Reynolds_stress_u'w',Reynolds_stress_v'w',Anisotropy,M30,M03,M12,M21,fku_2d,Fku_2d,fkw_2d,Fkw_2d,fku_3d,Fku_3d,fkw_3d,Fkw_3d,TKE_3d,Q1_K_Value,Q2_K_Value,Q3_K_Value,Q4_K_Value,e,ED,Octant_plus_1,Octant_minus_1,Octant_plus_2,Octant_minus_2,Octant_plus_3,Octant_minus_3,Octant_plus_4,Octant_minus_4,Total_Octant_sample,Probability_Octant_plus_1,Probability_Octant_minus_1,Probability_Octant_plus_2,Probability_Octant_minus_2,Probability_Octant_plus_3,Probability_Octant_minus_3,Probability_Octant_plus_4,Probability_Octant_minus_4,Min_Octant_Count,Min_Octant_Count_id,Max_Octant_Count,Max_Octant_Count_id,
Tue Nov 29 01:51:17 2022,average_velocity_U,average_velocity_V,average_velocity_W,U_variance_Prime,V_variance_Prime,W_variance_Prime,U_stdev_Prime,V_stdev_Prime,W_stdev_Prime,Skewness_U_Prime,Skewness_V_Prime,Skewness_W_Prime,Kurtosis_U_Prime,Kurtosis_V_Prime,Kurtosis_W_Prime,Reynolds_stress_u'v',Reynolds_stress_u'w',Reynolds_stress_v'w',Anisotropy,M30,M03,M12,M21,fku_2d,Fku_2d,fkw_2d,Fkw_2d,fku_3d,Fku_3d,fkw_3d,Fkw_3d,TKE_3d,Q1_K_Value,Q2_K_Value,Q3_K_Value,Q4_K_Value,e,ED,Octant_plus_1,Octant_minus_1,Octant_plus_2,Octant_minus_2,Octant_plus_3,Octant_minus_3,Octant_plus_4,Octant_minus_4,Total_Octant_sample,Probability_Octant_plus_1,Probability_Octant_minus_1,Probability_Octant_plus_2,Probability_Octant_minus_2,Probability_Octant_plus_3,Probability_Octant_minus_3,Probability_Octant_plus_4,Probability_Octant_minus_4,Min_Octant_Count,Min_Octant_Count_id,Max_Octant_Count,Max_Octant_Count_id,
7.9_raw.csv_filtered_by_correlation4.0_SNR3.0_all_replacement_strategy_5.0_mean_of_previous_2point,0.27,-0.026,-0.019,0.013,0.013,0.001,0.115,0.116,0.031,0.662,-3.674,-0.556,14.05,37.127,10.759,0.0,-0.003,-0.0,0.27,0.659,-0.566,0.564,-0.672,0.001,0.0,-0.0,-0.0,0.0,0.0,0.0,0.0,0.0,1,26,2,20,0,0,24,32,55,23,20,15,17,14,200,0.12,0.16,0.275,0.115,0.1,0.075,0.085,0.07,14,-4,55,2,
7.9_raw.csv_filtered_by_correlation4.0_SNR3.0_individual_replacement_strategy_5.0_mean_of_previous_2point,0.27,-0.026,-0.019,0.013,0.013,0.001,0.115,0.116,0.031,0.662,-3.674,-0.556,14.05,37.127,10.759,0.0,-0.003,-0.0,0.27,0.659,-0.566,0.564,-0.672,0.001,0.0,-0.0,-0.0,0.0,0.0,0.0,0.0,0.0,1,26,2,20,0,0,24,32,55,23,20,15,17,14,200,0.12,0.16,0.275,0.115,0.1,0.075,0.085,0.07,14,-4,55,2,
7.6_raw.csv_filtered_by_correlation4.0_SNR3.0_all_replacement_strategy_5.0_mean_of_previous_2point,0.27,-0.026,-0.019,0.013,0.013,0.001,0.115,0.116,0.031,0.662,-3.674,-0.556,14.05,37.127,10.759,0.0,-0.003,-0.0,0.27,0.659,-0.566,0.564,-0.672,0.001,0.0,-0.0,-0.0,0.0,0.0,0.0,0.0,0.0,1,26,2,20,0,0,24,32,55,23,20,15,17,14,200,0.12,0.16,0.275,0.115,0.1,0.075,0.085,0.07,14,-4,55,2,
7.6_raw.csv_filtered_by_correlation4.0_SNR3.0_individual_replacement_strategy_5.0_mean_of_previous_2point,0.27,-0.026,-0.019,0.013,0.013,0.001,0.115,0.116,0.031,0.662,-3.674,-0.556,14.05,37.127,10.759,0.0,-0.003,-0.0,0.27,0.659,-0.566,0.564,-0.672,0.001,0.0,-0.0,-0.0,0.0,0.0,0.0,0.0,0.0,1,26,2,20,0,0,24,32,55,23,20,15,17,14,200,0.12,0.16,0.275,0.115,0.1,0.075,0.085,0.07,14,-4,55,2,
7.2_raw.csv_filtered_by_correlation4.0_SNR3.0_all_replacement_strategy_5.0_mean_of_previous_2point,0.27,-0.026,-0.019,0.013,0.013,0.001,0.115,0.116,0.031,0.662,-3.674,-0.556,14.05,37.127,10.759,0.0,-0.003,-0.0,0.27,0.659,-0.566,0.564,-0.672,0.001,0.0,-0.0,-0.0,0.0,0.0,0.0,0.0,0.0,1,26,2,20,0,0,24,32,55,23,20,15,17,14,200,0.12,0.16,0.275,0.115,0.1,0.075,0.085,0.07,14,-4,55,2,
7.2_raw.csv_filtered_by_correlation4.0_SNR3.0_individual_replacement_strategy_5.0_mean_of_previous_2point,0.27,-0.026,-0.019,0.013,0.013,0.001,0.115,0.116,0.031,0.662,-3.674,-0.556,14.05,37.127,10.759,0.0,-0.003,-0.0,0.27,0.659,-0.566,0.564,-0.672,0.001,0.0,-0.0,-0.0,0.0,0.0,0.0,0.0,0.0,1,26,2,20,0,0,24,32,55,23,20,15,17,14,200,0.12,0.16,0.275,0.115,0.1,0.075,0.085,0.07,14,-4,55,2,
Wed Nov 30 10:38:43 2022,average_velocity_U,average_velocity_V,average_velocity_W,U_variance_Prime,V_variance_Prime,W_variance_Prime,U_stdev_Prime,V_stdev_Prime,W_stdev_Prime,Skewness_U_Prime,Skewness_V_Prime,Skewness_W_Prime,Kurtosis_U_Prime,Kurtosis_V_Prime,Kurtosis_W_Prime,Reynolds_stress_u'v',Reynolds_stress_u'w',Reynolds_stress_v'w',Anisotropy,M30,M03,M12,M21,fku_2d,Fku_2d,fkw_2d,Fkw_2d,fku_3d,Fku_3d,fkw_3d,Fkw_3d,TKE_3d,Q1_K_Value,Q2_K_Value,Q3_K_Value,Q4_K_Value,e,ED,Octant_plus_1,Octant_minus_1,Octant_plus_2,Octant_minus_2,Octant_plus_3,Octant_minus_3,Octant_plus_4,Octant_minus_4,Total_Octant_sample,Probability_Octant_plus_1,Probability_Octant_minus_1,Probability_Octant_plus_2,Probability_Octant_minus_2,Probability_Octant_plus_3,Probability_Octant_minus_3,Probability_Octant_plus_4,Probability_Octant_minus_4,Min_Octant_Count,Min_Octant_Count_id,Max_Octant_Count,Max_Octant_Count_id,
